id,predicted
1,40
2,123
3,85
4,76
5,76
6,76
7,127
8,76
9,85
11,83
12,76
13,85
14,64
15,64
16,76
17,83
18,11
19,3
20,76
21,3
22,83
23,96
24,39
25,3
26,123
27,3
28,58
29,85
30,3
31,85
32,108
33,3
34,59
35,59
36,3
37,85
38,3
39,96
40,3
41,3
43,3
44,3
45,77
46,84
47,75
48,110
49,3
50,3
51,75
52,123
53,77
54,77
55,3
56,85
57,59
59,85
61,76
62,77
63,110
64,3
65,11
66,39
67,68
68,123
69,85
70,75
71,123
72,3
73,1
74,123
75,3
76,3
77,83
78,83
79,76
81,110
82,3
83,83
84,110
85,60
86,3
87,123
88,96
89,3
90,79
91,11
92,64
93,85
94,3
96,64
97,96
98,58
99,3
100,75
101,64
102,11
103,75
104,123
105,123
106,58
107,85
108,85
109,85
110,3
111,85
112,76
113,3
114,96
115,39
116,77
117,3
118,39
119,123
120,3
121,76
122,95
123,3
124,85
125,58
126,3
127,96
128,64
130,77
131,58
132,83
133,114
134,58
135,76
136,77
137,76
138,76
139,83
140,85
141,96
142,93
143,58
144,123
145,85
146,83
147,3
148,58
149,58
150,85
151,76
153,123
154,3
155,75
157,3
158,58
159,11
160,76
161,3
162,3
163,85
164,1
165,123
167,24
168,29
169,40
170,123
171,64
172,3
173,77
174,58
175,123
176,11
178,3
179,3
180,3
181,79
182,77
183,3
184,83
185,79
186,58
187,76
188,85
189,58
190,58
191,29
193,114
194,58
195,85
196,83
197,75
198,76
199,110
201,123
202,114
203,3
204,76
205,123
206,75
207,58
208,64
209,76
210,3
211,83
212,3
213,83
214,123
216,79
217,3
218,83
219,75
220,11
221,11
222,39
223,110
224,83
225,58
226,11
227,3
228,3
229,123
230,62
231,85
232,94
233,43
234,123
235,123
237,79
238,58
239,95
240,58
241,58
242,75
243,85
245,110
246,77
247,58
248,83
249,83
250,123
251,64
252,11
253,3
254,58
256,29
257,83
258,75
259,85
260,68
261,83
262,3
263,3
264,58
265,76
266,3
267,11
268,76
269,77
270,123
271,75
272,123
273,3
274,85
275,75
276,75
277,76
278,85
279,83
280,58
281,95
282,76
283,58
284,83
285,85
286,85
287,64
288,3
289,83
290,3
291,3
292,64
293,3
294,75
295,96
296,83
297,83
298,58
299,123
300,83
301,64
302,77
303,96
305,85
306,76
307,83
308,3
309,3
310,75
311,43
312,72
314,85
315,83
316,77
317,11
318,79
319,76
321,3
323,76
324,1
325,85
326,58
327,79
328,68
329,76
330,123
331,75
332,76
333,3
334,83
335,79
336,79
337,75
338,75
339,110
340,83
341,76
342,96
343,11
344,79
345,64
346,39
347,76
348,53
349,85
350,83
351,85
352,85
353,43
354,3
355,123
356,85
357,3
358,75
359,75
360,58
361,83
362,3
364,3
365,3
366,76
367,24
368,3
369,83
370,77
371,3
372,76
373,83
374,123
375,11
376,110
377,85
378,75
379,75
380,85
381,85
382,96
383,3
384,83
385,83
386,75
387,85
388,96
389,96
390,76
391,3
392,11
393,83
395,3
396,77
397,58
398,123
399,115
400,83
401,127
402,3
403,83
404,3
405,68
406,68
407,76
408,3
409,3
410,96
411,11
412,3
413,76
414,76
415,39
416,64
417,3
419,3
420,76
421,123
422,3
423,11
426,75
427,85
428,85
429,75
430,85
431,123
432,96
434,3
435,3
436,83
438,77
439,85
440,3
441,58
442,83
443,3
444,85
445,76
446,85
447,75
448,79
449,83
450,79
451,40
453,3
454,96
455,64
456,85
457,108
458,96
459,3
460,76
461,3
462,85
463,58
464,76
465,79
466,75
467,76
468,75
469,83
470,3
471,39
472,3
473,85
474,76
475,123
477,75
478,77
479,76
480,123
481,58
483,85
484,83
486,79
488,1
489,77
490,123
491,85
492,93
493,58
494,76
495,11
496,83
498,3
499,59
500,62
501,79
502,75
503,2
504,2
505,64
506,76
507,96
508,94
509,40
511,85
512,76
513,11
514,76
515,40
516,96
517,3
518,22
519,63
520,85
521,83
522,75
523,85
525,123
526,77
527,123
528,85
529,83
530,40
531,76
532,96
533,83
534,76
535,3
536,58
537,83
538,11
539,85
540,75
541,76
542,83
543,3
544,58
545,85
546,83
547,24
548,79
549,123
550,3
551,76
552,83
553,77
554,83
555,3
556,11
557,79
558,76
559,3
561,115
562,3
563,1
564,85
565,123
566,77
567,64
568,3
569,83
570,85
572,79
573,93
574,64
575,76
576,83
577,85
578,76
579,11
580,123
581,76
582,79
583,76
584,76
585,83
586,3
587,85
588,1
589,75
590,122
592,11
593,75
594,83
595,127
596,3
597,77
598,58
599,77
600,24
601,108
602,75
603,75
604,11
605,64
606,96
607,64
608,40
609,76
610,77
611,2
612,127
614,83
616,123
617,68
618,76
619,77
620,75
621,83
622,3
623,96
624,123
625,29
626,83
627,58
628,3
629,85
630,76
631,77
632,85
634,85
635,11
636,11
637,3
638,79
639,64
640,83
641,83
642,83
643,53
644,75
645,40
646,3
647,3
648,127
649,75
650,115
651,76
652,3
653,66
654,3
655,96
656,3
657,76
658,3
659,76
660,85
661,75
662,96
663,11
664,115
665,85
666,58
667,72
669,58
670,3
671,75
672,85
673,11
674,85
675,77
676,96
677,11
678,123
679,85
680,29
682,85
683,11
684,85
685,79
686,123
687,76
688,3
689,3
690,3
691,3
692,75
693,83
694,3
695,3
696,3
697,85
698,108
699,3
700,96
701,3
703,3
704,76
705,64
706,75
707,3
708,3
709,95
711,43
712,123
713,75
714,3
715,85
717,83
718,85
719,1
720,85
723,83
725,110
726,64
727,3
728,85
729,75
730,123
731,75
732,85
733,85
734,3
735,123
736,83
737,96
738,85
740,83
741,77
743,123
744,96
745,3
746,108
747,83
748,77
749,95
750,3
751,79
752,83
753,84
754,11
755,83
756,123
757,58
758,85
759,83
761,64
762,75
763,3
764,11
765,127
766,3
767,85
768,77
770,43
771,3
772,76
773,64
774,64
775,3
776,85
777,11
778,3
779,11
780,43
781,75
782,95
783,123
784,76
785,76
786,58
787,3
788,79
789,11
790,11
791,83
792,76
793,123
794,11
795,11
796,79
797,85
798,123
799,58
800,2
801,93
802,83
803,3
804,79
805,95
806,96
807,114
808,64
809,77
810,58
811,77
812,85
813,76
814,83
815,96
816,75
817,1
818,3
819,3
820,3
821,75
822,11
823,77
824,43
825,68
826,39
827,75
829,11
830,43
831,85
832,58
833,83
834,85
835,39
836,75
837,64
838,3
839,58
840,93
841,83
842,85
843,96
844,11
845,110
846,83
847,3
848,83
849,75
850,79
851,76
852,76
853,3
854,85
856,76
857,3
858,64
859,123
860,58
861,3
862,3
863,76
864,11
865,75
866,77
867,3
868,96
869,76
871,76
872,85
873,85
874,3
875,123
876,3
877,123
878,43
879,96
880,43
881,83
882,83
884,3
885,96
886,76
887,3
888,96
889,83
890,3
891,85
892,85
893,85
894,3
895,3
896,75
897,85
898,85
899,76
901,59
902,85
903,83
904,123
905,83
906,85
907,3
908,3
909,85
910,58
911,110
912,83
913,77
914,3
915,77
916,93
917,3
918,77
920,123
921,3
922,11
923,3
924,3
925,39
926,58
927,64
928,76
929,96
931,123
932,3
933,83
934,83
935,11
936,64
937,3
938,58
939,39
940,39
941,3
943,11
944,76
945,85
946,68
947,3
948,79
950,3
951,3
952,96
953,3
954,76
955,24
956,75
957,123
958,108
959,62
960,76
961,123
962,3
963,3
964,76
965,83
966,123
967,1
968,96
969,79
970,96
971,3
972,115
973,3
974,83
975,83
976,83
977,96
978,77
979,1
980,96
981,3
982,83
983,3
984,76
985,77
987,123
988,96
989,3
990,64
991,64
992,123
993,115
994,76
995,83
996,123
997,77
998,3
999,85
1000,76
1001,39
1002,3
1003,83
1004,85
1005,76
1006,77
1007,76
1008,3
1009,76
1010,96
1011,75
1012,11
1013,83
1014,83
1015,3
1016,3
1017,75
1018,83
1019,96
1020,123
1021,76
1022,58
1023,3
1024,123
1025,83
1026,3
1027,58
1028,79
1030,64
1031,83
1032,3
1033,3
1034,77
1035,96
1036,64
1038,85
1039,3
1040,75
1041,3
1042,96
1043,3
1044,11
1046,76
1047,85
1048,83
1049,123
1050,85
1051,58
1052,3
1053,11
1054,123
1055,3
1057,85
1058,110
1059,76
1060,123
1061,123
1062,83
1063,79
1064,123
1065,11
1066,64
1067,85
1068,76
1069,3
1070,96
1071,3
1072,83
1073,76
1074,123
1075,76
1076,58
1077,11
1078,85
1079,11
1080,96
1081,58
1082,85
1083,75
1084,3
1085,3
1086,75
1087,76
1088,11
1089,43
1090,76
1091,58
1092,127
1093,96
1095,108
1096,77
1097,123
1098,85
1099,96
1100,76
1101,123
1102,3
1103,29
1104,76
1105,11
1106,96
1107,76
1108,85
1109,95
1110,75
1111,64
1112,76
1113,76
1114,3
1115,3
1116,3
1117,85
1118,58
1119,11
1120,96
1121,83
1122,94
1123,115
1124,29
1125,85
1126,64
1127,83
1129,83
1130,85
1131,83
1132,83
1133,11
1134,123
1135,3
1136,123
1137,85
1138,68
1140,123
1141,96
1142,76
1143,77
1144,96
1145,3
1146,83
1147,83
1148,83
1149,76
1150,40
1151,96
1152,75
1153,11
1154,96
1155,76
1156,75
1157,77
1158,76
1160,83
1161,75
1162,76
1163,3
1164,96
1165,96
1166,11
1167,123
1168,83
1171,85
1172,76
1174,3
1175,3
1176,24
1177,3
1178,76
1179,3
1180,76
1182,77
1183,11
1184,75
1185,3
1186,3
1187,11
1188,76
1189,123
1190,76
1191,96
1192,11
1193,76
1194,83
1195,3
1196,85
1197,11
1198,3
1199,11
1200,96
1201,3
1202,85
1203,3
1204,11
1205,75
1206,3
1207,85
1208,96
1209,76
1210,96
1211,96
1212,64
1213,62
1214,64
1215,68
1216,83
1217,83
1218,85
1219,64
1220,29
1222,58
1223,39
1224,64
1225,96
1226,85
1227,122
1228,3
1229,76
1230,3
1231,83
1232,3
1233,11
1234,77
1235,83
1236,123
1237,83
1238,58
1239,64
1240,83
1241,87
1242,11
1243,64
1244,11
1245,76
1246,114
1247,123
1248,83
1249,76
1250,83
1251,76
1252,3
1253,3
1254,76
1255,76
1256,11
1258,58
1259,11
1260,76
1261,83
1262,3
1263,76
1264,11
1265,64
1266,64
1267,43
1268,64
1269,83
1270,89
1271,75
1272,64
1273,3
1274,123
1275,64
1276,3
1277,3
1278,39
1279,75
1280,58
1281,3
1282,3
1283,123
1284,3
1285,3
1286,3
1287,76
1288,75
1289,43
1290,85
1291,108
1292,79
1293,77
1294,24
1295,83
1296,75
1297,3
1299,58
1300,123
1301,29
1302,85
1303,96
1304,11
1305,68
1306,76
1307,3
1308,3
1309,77
1310,83
1311,75
1312,75
1313,76
1314,3
1315,11
1316,3
1317,68
1318,11
1319,23
1320,62
1321,11
1322,76
1323,85
1324,79
1325,77
1326,3
1327,3
1328,85
1329,58
1330,76
1331,34
1332,83
1333,76
1334,123
1335,39
1336,11
1337,64
1338,64
1339,85
1340,83
1341,3
1342,11
1343,1
1344,85
1345,123
1346,85
1347,3
1348,76
1349,75
1351,3
1352,64
1353,3
1354,83
1355,123
1356,3
1357,85
1358,75
1360,76
1361,94
1362,3
1363,76
1364,96
1365,3
1366,76
1367,58
1368,64
1369,3
1370,3
1371,39
1373,83
1374,85
1376,3
1377,85
1378,77
1379,3
1380,2
1381,58
1382,85
1383,58
1384,64
1385,75
1386,123
1387,76
1388,11
1389,85
1390,58
1391,83
1393,83
1394,123
1395,83
1396,77
1397,123
1398,85
1400,43
1401,75
1402,76
1403,3
1404,79
1405,75
1406,75
1407,96
1408,3
1409,79
1410,108
1411,79
1412,76
1413,123
1414,3
1415,83
1416,3
1417,85
1418,58
1420,85
1421,58
1422,85
1423,75
1424,77
1425,3
1426,76
1427,58
1428,3
1429,1
1430,85
1431,75
1432,76
1433,85
1434,108
1435,62
1436,123
1437,3
1438,3
1439,76
1440,3
1441,85
1442,68
1443,3
1445,76
1446,127
1447,58
1448,58
1449,1
1450,3
1451,76
1452,76
1453,85
1454,24
1455,3
1456,58
1457,85
1458,83
1459,3
1460,3
1461,76
1464,76
1465,85
1466,83
1468,83
1469,83
1470,96
1471,123
1472,23
1473,83
1474,85
1475,127
1476,11
1477,3
1478,3
1479,96
1480,76
1481,96
1482,83
1483,123
1484,3
1485,75
1486,3
1487,85
1488,123
1489,3
1490,3
1491,58
1492,96
1493,83
1494,1
1495,3
1496,76
1497,58
1498,11
1499,64
1500,3
1501,83
1502,75
1503,96
1504,119
1505,1
1506,85
1507,3
1509,75
1510,83
1511,40
1512,76
1513,76
1514,3
1515,75
1516,85
1518,3
1519,94
1520,11
1521,3
1522,62
1523,3
1524,123
1525,68
1526,3
1527,64
1528,29
1529,3
1530,58
1531,83
1532,3
1533,123
1534,3
1535,127
1536,3
1538,77
1539,85
1540,85
1541,11
1542,108
1543,3
1545,3
1546,85
1547,79
1548,83
1549,76
1550,3
1551,77
1552,76
1553,85
1554,77
1555,3
1556,75
1557,83
1558,29
1559,123
1560,3
1561,64
1562,85
1563,108
1564,75
1566,83
1567,3
1568,85
1569,64
1570,93
1571,83
1572,64
1573,77
1574,83
1575,77
1576,96
1577,76
1578,3
1579,96
1580,85
1581,77
1582,75
1583,3
1584,79
1585,77
1586,123
1587,58
1588,3
1589,76
1590,96
1591,11
1592,77
1593,64
1594,64
1596,96
1597,85
1598,77
1599,3
1600,85
1601,3
1602,76
1603,75
1604,3
1605,83
1606,85
1607,11
1608,11
1609,77
1610,3
1611,64
1612,83
1614,3
1615,83
1616,75
1617,58
1618,76
1620,11
1621,83
1622,11
1623,3
1624,62
1625,3
1626,108
1627,58
1628,77
1629,3
1630,83
1631,83
1632,96
1633,3
1634,75
1635,3
1636,96
1637,83
1638,11
1639,83
1640,3
1641,11
1642,11
1643,85
1644,3
1645,83
1646,114
1647,83
1648,123
1649,62
1650,123
1651,123
1652,64
1653,123
1654,58
1655,108
1656,77
1657,96
1658,3
1659,29
1661,123
1662,96
1664,58
1665,11
1666,3
1667,11
1668,83
1669,95
1670,3
1671,3
1672,3
1673,85
1674,24
1675,58
1676,85
1677,79
1678,83
1679,3
1680,77
1681,123
1682,85
1683,77
1684,3
1685,85
1687,64
1688,96
1689,3
1691,75
1692,75
1693,43
1694,3
1695,40
1696,58
1697,3
1698,83
1699,58
1700,83
1701,64
1702,79
1703,40
1704,76
1705,85
1707,76
1708,71
1709,85
1710,76
1711,77
1713,75
1714,123
1715,77
1716,11
1717,64
1718,11
1719,58
1720,123
1721,58
1722,68
1723,85
1724,75
1725,3
1726,76
1727,83
1728,96
1729,39
1730,64
1731,76
1732,85
1733,2
1734,85
1735,83
1736,123
1737,77
1738,3
1739,75
1741,115
1742,3
1743,123
1744,83
1745,83
1746,123
1747,123
1748,3
1749,75
1750,76
1751,76
1752,85
1753,83
1754,76
1755,77
1756,11
1757,85
1758,79
1759,77
1760,75
1762,83
1763,3
1764,96
1765,3
1766,85
1767,123
1768,75
1769,3
1770,83
1771,3
1773,83
1774,75
1775,3
1776,77
1777,76
1778,75
1779,94
1780,123
1781,83
1782,79
1784,3
1785,3
1786,83
1787,96
1788,85
1789,64
1790,58
1791,64
1792,3
1793,77
1794,79
1795,94
1796,75
1798,58
1800,123
1801,64
1802,3
1804,3
1805,79
1806,85
1807,3
1808,3
1809,122
1810,83
1811,3
1812,123
1813,85
1814,3
1815,3
1816,83
1817,58
1818,108
1819,83
1820,3
1821,3
1822,85
1823,83
1824,76
1825,85
1827,72
1828,11
1829,3
1830,3
1832,123
1833,3
1834,83
1835,95
1836,96
1837,58
1838,11
1839,3
1840,64
1841,96
1842,11
1843,83
1845,75
1846,72
1847,64
1848,64
1849,3
1850,76
1851,85
1853,58
1854,3
1855,83
1856,83
1857,64
1858,123
1859,11
1860,3
1861,110
1862,76
1863,94
1864,85
1865,76
1866,75
1867,114
1868,76
1869,3
1870,79
1871,64
1872,11
1874,110
1875,83
1876,123
1877,3
1878,3
1879,3
1880,83
1881,58
1882,79
1883,3
1884,85
1885,79
1886,3
1887,64
1888,58
1889,75
1890,3
1892,83
1893,11
1894,11
1895,96
1896,83
1897,85
1898,64
1899,123
1900,85
1901,110
1902,79
1903,3
1904,3
1905,3
1906,11
1907,64
1908,96
1909,64
1910,123
1911,85
1912,76
1913,40
1914,85
1915,39
1916,85
1917,39
1918,62
1919,76
1920,77
1921,3
1923,62
1924,85
1925,11
1926,75
1927,85
1928,83
1929,3
1930,85
1931,3
1932,11
1933,75
1935,3
1936,85
1937,29
1938,76
1939,3
1940,64
1941,62
1942,75
1943,76
1944,3
1945,83
1946,3
1947,96
1948,108
1949,123
1950,3
1951,75
1952,96
1953,127
1954,77
1955,83
1956,3
1958,83
1959,3
1960,58
1961,85
1962,76
1963,72
1964,11
1965,83
1966,58
1967,3
1968,76
1969,83
1970,110
1971,77
1972,83
1973,3
1974,11
1975,123
1977,75
1978,3
1979,3
1980,123
1981,58
1982,3
1983,83
1984,84
1985,96
1986,83
1987,3
1988,94
1989,58
1990,53
1991,58
1993,3
1995,39
1996,11
1998,3
1999,77
2000,83
2001,3
2002,76
2003,77
2004,3
2005,75
2006,85
2007,1
2008,83
2009,123
2010,85
2011,3
2012,3
2013,3
2014,58
2015,77
2016,58
2017,75
2018,24
2019,64
2020,3
2021,96
2022,1
2024,3
2025,123
2026,123
2027,79
2028,3
2029,58
2030,79
2031,95
2032,43
2033,11
2034,83
2035,77
2036,85
2037,76
2038,83
2039,72
2040,11
2042,77
2043,11
2044,77
2045,76
2046,83
2047,3
2048,83
2049,64
2050,77
2051,76
2052,96
2053,58
2054,83
2055,64
2056,58
2057,3
2058,11
2059,93
2060,3
2061,58
2062,123
2064,85
2065,3
2066,76
2067,3
2068,58
2069,79
2070,76
2071,83
2073,64
2074,75
2075,3
2077,76
2078,3
2079,83
2080,2
2081,85
2082,76
2083,85
2085,96
2086,77
2087,83
2088,3
2089,108
2090,122
2091,79
2092,77
2093,123
2094,123
2095,76
2096,3
2097,58
2098,85
2099,123
2100,76
2101,58
2103,58
2104,83
2105,95
2106,83
2107,3
2108,83
2109,85
2110,76
2111,76
2112,11
2113,11
2114,3
2115,123
2116,96
2117,75
2118,76
2120,110
2122,79
2123,85
2125,85
2126,64
2127,123
2128,3
2129,3
2130,76
2131,76
2132,96
2133,79
2134,3
2135,58
2136,3
2137,11
2138,85
2139,83
2140,85
2141,123
2142,11
2143,83
2144,85
2145,75
2146,3
2147,75
2148,64
2149,85
2150,39
2151,76
2152,76
2153,29
2154,123
2155,85
2156,58
2157,75
2158,3
2159,75
2160,76
2161,76
2162,75
2163,123
2164,68
2165,123
2167,3
2168,3
2169,115
2170,108
2171,3
2172,123
2173,3
2174,77
2175,3
2176,3
2177,76
2178,3
2179,64
2180,127
2181,85
2182,96
2183,3
2184,123
2185,110
2186,11
2187,123
2188,75
2189,89
2190,24
2191,123
2192,85
2193,58
2194,58
2195,85
2196,77
2197,11
2198,110
2199,3
2200,96
2202,11
2203,96
2204,76
2205,64
2206,3
2207,40
2208,79
2209,64
2210,123
2211,58
2212,3
2213,109
2214,3
2216,85
2217,123
2218,123
2219,76
2220,76
2221,76
2222,64
2223,11
2224,75
2225,96
2226,96
2227,3
2228,3
2229,3
2230,11
2231,123
2232,85
2233,92
2234,76
2235,3
2236,43
2237,64
2238,3
2239,123
2240,79
2241,24
2242,83
2243,83
2244,85
2245,62
2247,39
2248,123
2249,76
2250,83
2251,79
2252,83
2253,3
2254,85
2255,85
2257,79
2259,11
2260,83
2261,96
2262,3
2263,3
2264,83
2265,123
2266,3
2267,11
2268,43
2269,77
2270,96
2271,83
2272,83
2273,3
2274,93
2275,115
2276,76
2277,123
2278,76
2279,3
2281,83
2283,83
2284,11
2285,3
2287,85
2288,75
2290,76
2291,85
2293,76
2294,58
2295,1
2296,58
2297,11
2298,3
2299,79
2301,75
2302,64
2303,85
2304,58
2305,3
2306,64
2307,77
2308,79
2309,75
2310,3
2311,11
2312,58
2314,58
2315,85
2316,3
2317,96
2320,58
2321,85
2322,3
2323,79
2324,58
2325,83
2326,3
2327,3
2328,3
2329,85
2330,77
2331,76
2332,96
2333,96
2334,3
2336,58
2337,58
2338,39
2339,3
2340,79
2341,75
2342,123
2343,83
2344,85
2345,76
2346,83
2347,76
2348,3
2349,77
2350,3
2351,68
2352,3
2353,123
2354,3
2355,58
2356,68
2357,85
2358,75
2359,11
2361,85
2362,83
2363,75
2364,3
2365,77
2366,75
2367,83
2368,95
2369,96
2370,96
2371,3
2372,85
2373,83
2374,58
2375,75
2376,77
2377,79
2378,3
2379,83
2380,43
2381,11
2382,29
2383,85
2384,89
2385,83
2386,83
2387,24
2388,3
2389,85
2391,77
2392,3
2393,1
2395,79
2396,96
2397,3
2398,58
2399,3
2400,11
2401,123
2402,3
2403,3
2404,60
2405,76
2406,83
2407,83
2408,96
2409,77
2411,85
2412,75
2413,76
2414,3
2415,11
2416,3
2417,75
2418,110
2419,83
2420,3
2421,79
2422,3
2423,76
2424,83
2425,3
2426,3
2427,3
2428,79
2429,83
2430,110
2431,29
2432,11
2433,123
2434,85
2435,96
2436,11
2437,58
2438,83
2439,1
2440,85
2441,3
2442,79
2443,83
2444,11
2445,123
2446,43
2447,96
2448,3
2449,75
2450,3
2451,58
2452,83
2453,83
2454,123
2455,79
2456,58
2457,85
2458,94
2461,43
2462,123
2463,3
2464,79
2465,75
2466,83
2467,85
2468,75
2469,3
2470,11
2471,77
2472,123
2473,85
2474,11
2475,40
2476,83
2477,75
2478,58
2479,83
2480,58
2481,123
2482,123
2483,64
2484,96
2485,64
2486,58
2487,123
2488,96
2489,85
2491,3
2492,68
2493,3
2494,123
2495,76
2496,96
2497,79
2498,11
2499,3
2500,83
2501,96
2502,64
2503,110
2504,58
2505,83
2506,11
2507,11
2508,76
2509,77
2510,85
2511,76
2512,85
2513,11
2514,58
2515,123
2516,64
2517,3
2518,11
2519,75
2520,76
2521,11
2522,83
2523,58
2524,76
2525,11
2526,85
2527,76
2528,76
2529,3
2531,94
2532,83
2533,75
2534,11
2535,76
2536,3
2537,75
2538,43
2539,79
2540,75
2541,83
2543,83
2544,96
2545,75
2546,95
2547,76
2548,75
2549,119
2550,76
2551,123
2552,123
2553,79
2554,95
2555,76
2556,123
2557,3
2558,76
2559,58
2560,43
2561,96
2562,85
2563,76
2564,58
2565,77
2566,75
2567,87
2568,79
2569,83
2570,96
2571,3
2573,3
2574,75
2575,83
2576,2
2578,123
2579,3
2580,77
2581,64
2582,85
2583,76
2584,76
2585,75
2586,123
2588,83
2589,85
2590,58
2591,3
2592,75
2593,77
2594,58
2595,108
2597,52
2598,85
2599,58
2600,3
2601,3
2602,1
2603,79
2604,39
2605,83
2606,3
2607,64
2608,85
2609,85
2610,85
2611,123
2612,3
2613,3
2614,3
2615,3
2616,64
2618,2
2619,11
2620,75
2621,75
2622,43
2623,3
2624,123
2625,83
2626,62
2627,11
2628,77
2629,114
2630,76
2631,39
2632,83
2633,85
2634,3
2635,123
2636,72
2637,3
2638,11
2639,11
2640,3
2641,85
2642,2
2643,24
2644,11
2645,3
2646,64
2647,11
2648,24
2649,75
2650,3
2651,62
2652,43
2653,3
2654,11
2655,75
2656,76
2657,3
2658,123
2659,123
2660,96
2661,58
2662,75
2663,83
2664,76
2665,93
2666,83
2667,11
2668,64
2669,75
2670,123
2671,75
2672,85
2673,43
2674,83
2675,3
2676,77
2677,83
2678,3
2679,64
2680,3
2681,64
2682,75
2683,75
2684,75
2685,83
2686,76
2687,85
2688,96
2689,62
2690,114
2691,96
2692,77
2693,76
2694,3
2695,64
2696,75
2697,3
2698,3
2700,3
2701,76
2702,96
2703,75
2704,83
2705,75
2706,3
2707,75
2708,96
2709,83
2710,83
2711,76
2712,83
2713,40
2714,76
2715,77
2716,58
2717,75
2718,3
2719,58
2721,43
2722,75
2724,85
2725,3
2726,75
2727,64
2728,59
2729,3
2730,58
2731,43
2732,123
2733,85
2734,11
2735,85
2736,64
2737,75
2738,85
2739,3
2740,58
2742,76
2743,58
2744,85
2745,77
2746,85
2747,3
2748,85
2749,75
2750,3
2751,123
2752,11
2753,68
2754,110
2755,58
2756,75
2757,11
2758,85
2759,83
2760,85
2761,3
2762,79
2763,108
2764,85
2765,77
2766,83
2768,3
2769,11
2770,96
2771,3
2772,3
2773,75
2774,123
2775,58
2776,3
2777,83
2778,11
2779,85
2780,11
2782,96
2783,75
2784,3
2785,58
2786,11
2787,43
2789,77
2790,75
2791,3
2792,96
2793,58
2794,58
2795,79
2796,3
2797,77
2798,11
2799,75
2800,94
2801,85
2802,3
2803,85
2804,76
2805,3
2806,3
2807,85
2808,83
2809,123
2810,11
2811,29
2812,75
2813,76
2814,64
2815,93
2816,79
2817,64
2818,3
2819,76
2820,76
2821,85
2822,64
2823,85
2824,11
2825,123
2826,123
2827,94
2828,76
2829,64
2830,85
2831,62
2832,110
2833,110
2834,85
2835,96
2836,85
2837,3
2838,89
2839,83
2840,85
2841,75
2842,96
2843,76
2844,75
2845,75
2846,43
2847,85
2848,79
2850,123
2851,3
2852,85
2854,77
2855,3
2856,3
2857,85
2858,11
2859,76
2861,85
2862,85
2863,123
2864,11
2865,58
2866,2
2867,77
2868,79
2869,3
2870,3
2871,64
2872,11
2873,11
2874,75
2875,3
2876,3
2877,3
2878,64
2879,75
2880,76
2881,3
2882,76
2883,123
2884,3
2885,77
2886,77
2887,83
2888,3
2889,96
2890,43
2891,58
2892,75
2893,123
2894,83
2895,58
2896,76
2897,29
2898,11
2899,75
2900,29
2901,11
2902,123
2903,127
2904,85
2905,68
2907,96
2908,3
2909,123
2910,77
2911,43
2912,114
2913,58
2915,64
2916,76
2917,85
2918,85
2919,77
2920,40
2921,3
2922,85
2923,3
2924,96
2925,3
2926,58
2927,85
2928,76
2929,85
2930,83
2931,58
2932,83
2933,3
2934,85
2935,123
2936,76
2937,3
2938,3
2939,1
2940,83
2941,3
2942,3
2943,96
2944,72
2945,75
2946,123
2947,123
2948,64
2949,3
2950,83
2951,76
2952,110
2953,64
2954,83
2955,11
2956,79
2957,77
2959,83
2960,39
2962,76
2963,43
2964,76
2965,85
2966,83
2967,1
2968,85
2969,76
2970,77
2971,3
2972,123
2974,123
2975,83
2976,76
2977,1
2978,3
2979,85
2980,64
2982,76
2983,85
2985,64
2986,3
2987,3
2988,85
2989,3
2990,43
2991,76
2992,11
2993,3
2994,85
2995,3
2996,114
2997,3
2998,85
2999,75
3000,3
3001,3
3002,11
3003,76
3004,83
3005,75
3006,93
3007,3
3008,58
3009,58
3010,75
3011,3
3012,11
3014,75
3015,85
3016,77
3017,75
3018,58
3019,96
3020,96
3021,28
3022,58
3023,89
3024,79
3026,96
3027,3
3028,43
3029,11
3030,83
3031,3
3032,75
3034,1
3035,83
3036,76
3037,75
3038,94
3039,3
3040,83
3041,3
3043,75
3044,43
3045,85
3046,96
3047,64
3048,2
3049,123
3050,3
3051,3
3052,11
3053,76
3054,3
3055,75
3056,83
3057,96
3058,64
3059,3
3060,83
3061,3
3062,114
3063,95
3064,76
3065,75
3066,123
3067,83
3068,76
3069,75
3070,58
3071,123
3072,3
3075,96
3076,3
3077,58
3078,85
3079,95
3080,76
3081,3
3082,64
3083,1
3084,75
3085,76
3086,11
3087,11
3088,83
3089,75
3090,3
3091,76
3092,85
3093,85
3095,85
3096,11
3097,3
3098,64
3099,83
3100,58
3101,83
3102,93
3103,3
3104,96
3105,76
3106,96
3107,79
3108,3
3109,77
3110,58
3111,3
3112,76
3113,83
3114,3
3115,123
3116,123
3117,1
3118,75
3119,58
3120,3
3121,77
3122,75
3123,76
3124,58
3125,29
3126,83
3127,58
3128,77
3129,3
3130,123
3131,76
3132,83
3133,3
3134,95
3135,58
3136,11
3137,75
3138,85
3139,83
3140,83
3141,79
3142,83
3143,3
3144,85
3145,75
3146,11
3147,77
3148,64
3149,83
3150,3
3151,85
3152,3
3153,96
3154,83
3155,83
3156,85
3157,77
3158,58
3159,76
3160,96
3161,64
3162,75
3163,76
3164,77
3165,115
3166,79
3167,3
3168,1
3169,85
3170,96
3171,96
3172,3
3173,85
3174,3
3175,40
3177,85
3178,79
3179,3
3180,3
3181,3
3182,64
3183,85
3184,96
3185,3
3186,3
3187,11
3188,58
3189,76
3190,85
3191,24
3192,3
3193,96
3194,3
3195,76
3196,64
3197,83
3198,77
3199,72
3200,83
3201,11
3202,83
3203,64
3204,40
3205,3
3206,39
3207,75
3208,85
3209,11
3210,58
3211,85
3212,64
3213,64
3214,123
3215,64
3216,76
3217,1
3218,85
3219,11
3220,75
3221,77
3222,11
3223,24
3224,11
3225,79
3227,76
3228,58
3229,127
3230,3
3231,85
3232,11
3233,123
3234,75
3235,58
3236,85
3237,3
3238,64
3239,3
3240,3
3241,3
3242,3
3243,3
3244,3
3246,123
3247,123
3248,85
3249,75
3251,96
3252,95
3253,3
3254,96
3255,123
3256,43
3257,58
3258,83
3259,3
3260,77
3261,3
3262,76
3263,3
3264,85
3265,3
3266,85
3267,64
3269,83
3270,3
3271,77
3272,3
3273,83
3274,11
3275,75
3276,76
3277,76
3278,85
3279,123
3280,3
3281,83
3282,58
3283,64
3284,85
3285,76
3286,79
3287,76
3288,11
3289,83
3290,77
3291,76
3293,3
3294,64
3295,85
3296,3
3297,3
3298,96
3299,96
3300,75
3301,96
3302,58
3303,3
3304,85
3305,58
3306,85
3307,83
3308,96
3309,64
3310,11
3311,96
3312,123
3313,127
3314,64
3315,75
3316,72
3317,76
3318,3
3320,123
3321,108
3322,76
3323,11
3324,3
3325,77
3326,75
3327,123
3328,85
3329,3
3330,76
3332,75
3333,58
3335,110
3336,96
3337,2
3338,85
3339,79
3340,77
3341,114
3342,96
3343,85
3344,83
3345,79
3346,83
3347,3
3348,83
3349,76
3350,83
3351,58
3352,76
3353,85
3354,83
3355,75
3356,77
3357,83
3359,123
3360,76
3361,3
3363,3
3364,43
3365,75
3366,3
3367,3
3368,76
3369,75
3370,11
3371,3
3372,77
3373,85
3374,83
3375,76
3376,83
3377,123
3378,3
3379,76
3380,83
3381,75
3382,76
3383,3
3384,77
3385,43
3386,40
3388,85
3389,3
3390,96
3391,11
3392,75
3393,64
3394,114
3395,11
3396,76
3397,58
3398,11
3399,75
3400,3
3401,85
3402,58
3404,3
3405,75
3406,3
3407,58
3408,77
3409,123
3410,76
3411,58
3412,123
3413,123
3414,76
3415,64
3417,76
3418,3
3419,24
3420,62
3421,11
3422,3
3423,77
3424,94
3426,76
3427,83
3428,85
3429,85
3430,58
3431,43
3432,76
3433,85
3434,76
3435,85
3436,79
3437,85
3438,93
3440,83
3441,77
3442,85
3443,3
3445,3
3446,64
3447,85
3448,3
3449,83
3450,75
3451,3
3452,85
3453,123
3454,3
3455,29
3456,85
3457,85
3458,62
3459,3
3460,3
3461,3
3462,75
3464,3
3467,76
3469,85
3470,3
3471,43
3472,75
3473,58
3474,96
3475,24
3476,3
3477,11
3478,76
3479,3
3481,34
3482,85
3483,123
3484,83
3485,85
3486,123
3487,62
3488,96
3489,85
3490,83
3491,123
3492,3
3493,24
3494,58
3496,11
3497,75
3498,83
3499,85
3500,83
3501,75
3502,79
3503,11
3504,76
3505,59
3506,3
3507,64
3508,85
3509,85
3510,94
3511,79
3512,85
3514,2
3515,3
3516,108
3518,79
3519,76
3520,79
3521,75
3522,76
3523,85
3524,3
3525,96
3526,3
3527,79
3528,1
3529,3
3530,11
3531,85
3532,75
3533,83
3534,58
3535,75
3536,58
3537,3
3538,64
3539,76
3540,11
3541,96
3542,11
3543,64
3546,3
3547,68
3548,3
3549,123
3550,3
3551,85
3552,11
3553,3
3554,77
3555,85
3556,64
3557,29
3558,75
3559,58
3560,11
3561,3
3562,64
3563,24
3564,3
3565,3
3566,76
3567,114
3568,39
3569,1
3571,3
3572,110
3573,75
3574,64
3575,3
3576,3
3577,3
3578,58
3579,83
3580,75
3581,85
3582,123
3583,24
3584,85
3585,3
3586,3
3587,96
3588,85
3589,11
3590,85
3591,123
3592,75
3594,58
3595,123
3597,75
3598,11
3599,75
3600,3
3601,3
3602,85
3603,85
3604,85
3605,83
3606,72
3607,77
3608,3
3609,85
3610,75
3611,83
3612,123
3613,79
3614,96
3615,3
3616,1
3617,95
3618,83
3619,85
3620,64
3621,123
3622,96
3623,75
3624,85
3625,85
3626,3
3628,76
3630,77
3631,85
3632,85
3633,3
3634,3
3635,83
3636,79
3637,114
3638,11
3639,79
3640,3
3641,123
3642,76
3643,85
3644,58
3646,3
3647,58
3648,85
3649,75
3650,3
3651,76
3652,29
3653,83
3655,85
3656,58
3657,75
3658,3
3659,3
3660,85
3661,85
3662,85
3663,123
3664,93
3665,3
3666,3
3667,76
3668,85
3669,83
3670,85
3671,11
3672,123
3673,3
3674,62
3675,3
3676,83
3677,3
3678,85
3679,85
3680,123
3681,58
3682,75
3683,85
3684,11
3685,85
3686,83
3687,123
3688,3
3689,83
3690,85
3691,75
3692,11
3693,24
3694,1
3695,83
3696,29
3697,85
3698,11
3699,64
3700,83
3701,76
3703,76
3704,58
3706,3
3707,110
3708,58
3709,3
3710,11
3711,3
3712,83
3713,76
3714,64
3715,96
3716,3
3718,76
3719,75
3720,76
3721,110
3722,3
3723,3
3724,108
3725,3
3726,96
3727,3
3728,3
3729,64
3730,96
3731,3
3733,83
3734,79
3735,83
3736,64
3737,83
3738,29
3739,76
3740,64
3741,11
3742,64
3743,85
3744,83
3745,85
3746,3
3747,68
3748,123
3749,123
3750,85
3751,3
3752,110
3753,76
3754,85
3755,28
3756,123
3757,3
3758,79
3759,85
3760,83
3761,3
3762,3
3763,75
3764,95
3765,75
3766,79
3767,85
3768,123
3769,83
3770,58
3771,11
3772,79
3773,83
3774,11
3775,11
3776,96
3778,3
3779,11
3780,123
3781,83
3782,11
3783,58
3784,85
3785,110
3786,58
3787,58
3788,123
3789,3
3790,3
3791,110
3792,83
3793,83
3794,123
3795,75
3796,76
3797,123
3798,3
3799,3
3800,83
3801,77
3802,76
3803,83
3804,96
3805,85
3806,79
3807,96
3808,85
3809,85
3810,11
3811,64
3812,123
3813,11
3814,64
3815,75
3816,64
3818,2
3819,96
3821,3
3822,3
3823,115
3824,79
3825,58
3826,96
3827,85
3828,58
3830,3
3832,83
3833,123
3834,29
3835,83
3836,77
3837,76
3838,85
3839,2
3840,11
3841,11
3842,58
3843,85
3844,83
3845,75
3846,77
3847,3
3848,96
3849,58
3850,3
3851,75
3852,83
3853,76
3854,76
3855,85
3856,76
3857,11
3858,85
3859,127
3860,76
3861,3
3862,3
3863,75
3864,3
3865,83
3866,96
3867,85
3868,83
3869,79
3870,3
3871,58
3872,58
3873,76
3874,64
3875,85
3876,79
3877,75
3878,77
3879,85
3880,85
3881,76
3882,3
3883,3
3884,125
3885,3
3886,58
3887,3
3888,75
3889,3
3890,3
3891,75
3892,85
3894,11
3895,76
3896,76
3897,3
3899,3
3900,77
3901,79
3902,3
3903,79
3904,85
3905,76
3906,83
3907,83
3908,85
3909,79
3910,83
3912,83
3913,123
3914,11
3915,85
3916,75
3917,3
3918,3
3920,3
3921,3
3922,2
3923,52
3924,3
3926,11
3927,77
3928,83
3929,75
3930,76
3931,3
3933,58
3934,76
3936,3
3937,64
3938,85
3939,96
3940,96
3941,3
3942,43
3943,83
3944,68
3945,43
3946,123
3947,3
3948,3
3949,76
3950,3
3951,3
3952,76
3953,62
3954,58
3955,83
3956,43
3957,75
3958,85
3960,3
3962,79
3963,76
3964,3
3965,108
3966,64
3967,76
3968,77
3970,58
3971,58
3972,77
3973,127
3974,83
3975,75
3976,85
3977,83
3978,96
3979,108
3980,40
3981,76
3982,40
3983,96
3984,3
3985,85
3986,3
3987,29
3988,68
3990,75
3991,75
3992,127
3993,96
3994,83
3995,52
3996,75
3997,93
3998,85
3999,96
4000,85
4001,76
4002,83
4003,123
4004,79
4005,76
4006,3
4008,77
4009,85
4010,76
4012,79
4013,3
4014,76
4015,64
4016,59
4017,83
4018,96
4019,83
4020,76
4022,64
4023,85
4024,85
4025,3
4026,77
4027,76
4028,85
4029,58
4030,76
4031,3
4032,3
4033,3
4034,3
4035,3
4036,58
4037,76
4038,75
4039,123
4040,3
4041,79
4042,3
4043,79
4044,123
4045,77
4046,108
4047,77
4048,3
4049,1
4050,39
4051,85
4052,127
4053,123
4054,3
4055,83
4056,85
4057,39
4058,3
4059,11
4060,76
4061,75
4062,77
4063,96
4064,85
4065,43
4066,3
4067,75
4068,76
4069,43
4070,79
4071,11
4072,85
4073,1
4074,83
4076,76
4077,85
4078,83
4079,83
4080,123
4081,115
4082,58
4083,123
4085,83
4086,11
4087,77
4089,76
4090,3
4091,75
4092,3
4093,64
4094,58
4095,58
4096,85
4097,3
4098,123
4099,64
4100,3
4102,3
4103,76
4104,76
4105,96
4106,85
4107,3
4108,24
4110,3
4111,83
4112,85
4113,3
4114,3
4115,96
4117,62
4118,3
4119,85
4120,77
4121,3
4122,11
4123,58
4124,75
4125,96
4126,123
4127,3
4128,76
4129,123
4130,3
4131,58
4132,3
4133,76
4134,75
4135,85
4136,3
4137,75
4138,3
4139,123
4140,83
4141,3
4142,83
4143,3
4144,11
4145,85
4146,83
4147,58
4148,40
4149,3
4150,76
4151,93
4152,85
4153,75
4154,3
4155,94
4156,58
4157,96
4158,43
4159,76
4160,3
4161,83
4162,11
4163,85
4164,11
4165,75
4166,83
4167,96
4168,3
4169,29
4170,64
4171,3
4172,110
4173,85
4174,3
4175,83
4176,77
4178,11
4179,3
4180,3
4181,3
4182,11
4183,58
4184,94
4185,99
4186,127
4187,77
4188,43
4189,64
4191,3
4192,83
4193,76
4194,75
4195,83
4196,3
4197,29
4199,83
4200,123
4201,64
4202,76
4203,123
4204,76
4205,77
4206,79
4207,3
4208,94
4209,96
4210,3
4211,58
4212,11
4213,58
4214,3
4215,110
4216,85
4217,79
4218,3
4219,64
4220,123
4221,64
4222,123
4223,3
4224,79
4225,95
4226,75
4227,83
4228,103
4229,3
4230,76
4231,76
4232,85
4233,85
4234,75
4235,11
4236,76
4237,85
4238,123
4239,58
4241,123
4242,85
4243,85
4244,76
4245,83
4246,75
4247,75
4248,3
4249,76
4251,3
4252,123
4253,110
4254,3
4255,3
4256,3
4257,79
4258,95
4259,3
4260,95
4261,77
4262,96
4263,77
4264,83
4265,122
4266,75
4267,3
4268,11
4269,11
4270,3
4271,127
4272,43
4273,76
4274,93
4275,3
4276,75
4278,83
4279,83
4281,3
4282,79
4283,64
4284,93
4285,3
4286,123
4287,11
4288,3
4289,3
4290,108
4291,93
4292,83
4293,123
4295,76
4296,85
4297,85
4298,28
4299,75
4300,83
4301,96
4302,3
4303,85
4304,76
4305,3
4306,58
4307,58
4309,83
4310,3
4311,68
4312,76
4313,76
4314,123
4315,83
4316,115
4317,110
4318,108
4319,3
4320,79
4321,76
4322,83
4323,3
4324,3
4325,77
4326,3
4327,75
4328,3
4329,3
4330,3
4331,83
4332,76
4333,85
4334,94
4335,59
4336,85
4337,85
4338,62
4339,76
4340,58
4341,64
4342,83
4343,58
4344,58
4345,85
4346,85
4347,85
4348,58
4349,108
4350,62
4351,75
4352,77
4353,83
4354,3
4355,62
4356,75
4357,64
4358,11
4359,58
4360,95
4361,123
4362,62
4363,127
4364,75
4365,85
4366,3
4367,76
4368,3
4369,85
4371,85
4372,75
4373,83
4374,3
4375,58
4376,11
4377,3
4378,3
4379,123
4380,3
4382,83
4383,59
4384,96
4385,3
4386,3
4387,79
4388,85
4389,96
4390,39
4391,59
4392,3
4393,83
4394,58
4395,58
4396,58
4397,75
4398,64
4399,3
4400,76
4401,75
4402,96
4404,76
4405,79
4406,75
4407,77
4409,79
4410,75
4411,3
4412,85
4413,83
4414,75
4415,83
4416,76
4417,94
4419,76
4420,96
4421,75
4422,85
4423,85
4424,114
4425,3
4426,96
4427,75
4428,85
4429,96
4431,75
4433,58
4434,85
4435,77
4436,83
4437,85
4438,76
4439,85
4440,3
4441,83
4442,89
4443,76
4444,76
4445,83
4446,3
4447,3
4448,85
4449,83
4450,75
4451,85
4452,123
4453,76
4454,11
4455,3
4456,75
4457,59
4458,114
4459,85
4460,3
4461,75
4462,85
4463,76
4464,76
4465,3
4466,76
4467,83
4468,3
4469,39
4470,3
4471,58
4472,77
4473,43
4474,83
4475,40
4476,62
4477,76
4478,83
4479,76
4480,3
4481,11
4482,76
4483,11
4484,58
4485,3
4486,83
4487,96
4488,58
4489,3
4490,11
4492,75
4493,83
4494,3
4495,77
4496,64
4497,127
4498,85
4499,83
4500,76
4501,123
4502,3
4503,96
4504,83
4505,75
4506,85
4507,58
4509,40
4510,76
4511,123
4512,77
4513,58
4514,77
4515,85
4516,123
4517,3
4518,83
4519,59
4520,76
4521,58
4522,76
4523,64
4524,96
4525,123
4526,123
4527,83
4529,11
4530,11
4534,3
4535,3
4536,96
4537,58
4538,64
4539,76
4540,83
4541,83
4542,76
4543,83
4544,58
4545,11
4546,58
4547,85
4548,76
4549,76
4550,75
4551,11
4552,62
4553,58
4554,85
4555,77
4556,85
4557,11
4558,3
4560,127
4561,58
4562,83
4563,58
4564,76
4565,123
4566,85
4567,77
4568,77
4569,3
4570,58
4571,76
4572,77
4573,85
4574,29
4575,76
4576,64
4577,3
4579,75
4580,3
4581,85
4582,11
4583,58
4584,93
4585,58
4586,76
4587,3
4588,75
4589,123
4590,58
4591,96
4592,11
4593,83
4594,11
4595,108
4596,75
4597,96
4599,83
4600,83
4601,94
4602,75
4603,76
4604,3
4605,11
4606,75
4607,123
4608,29
4609,3
4610,64
4611,11
4612,3
4613,3
4614,58
4615,85
4616,83
4617,110
4618,83
4619,58
4620,123
4621,85
4622,83
4623,83
4624,76
4625,96
4626,77
4627,83
4628,75
4629,93
4630,3
4631,3
4632,95
4633,3
4635,76
4636,43
4637,75
4638,75
4639,76
4640,127
4641,75
4643,3
4644,3
4645,3
4646,3
4647,79
4648,83
4649,76
4650,123
4651,77
4652,114
4654,76
4655,83
4657,85
4658,96
4659,76
4660,85
4662,75
4663,96
4664,3
4665,85
4666,11
4667,85
4668,75
4669,83
4670,83
4671,76
4672,83
4673,123
4674,85
4675,52
4676,85
4677,76
4678,83
4679,75
4680,3
4681,94
4682,83
4683,76
4684,29
4685,64
4686,79
4687,83
4688,85
4689,3
4690,76
4692,75
4693,76
4694,3
4695,76
4696,29
4698,76
4699,1
4700,83
4701,3
4702,76
4703,123
4704,83
4705,83
4706,83
4707,64
4708,123
4709,3
4710,3
4711,83
4712,11
4713,85
4714,96
4715,123
4716,75
4717,110
4718,85
4719,123
4720,3
4721,3
4722,3
4723,77
4724,3
4725,29
4726,85
4727,64
4728,3
4729,3
4730,3
4731,85
4732,83
4733,52
4734,76
4737,76
4738,85
4739,40
4741,58
4743,3
4744,83
4745,85
4746,123
4747,11
4748,75
4749,77
4750,58
4751,76
4752,76
4753,114
4754,58
4756,64
4757,3
4758,76
4759,96
4760,76
4761,75
4762,64
4763,11
4764,96
4765,75
4766,58
4767,93
4768,11
4769,79
4771,76
4772,22
4773,11
4774,77
4775,3
4776,77
4777,3
4778,43
4779,3
4780,29
4781,83
4782,76
4783,96
4784,3
4785,85
4786,75
4787,110
4788,11
4789,114
4790,93
4791,79
4792,108
4793,123
4794,85
4795,3
4797,43
4799,58
4800,83
4801,96
4802,11
4803,75
4804,77
4805,3
4806,43
4807,11
4808,39
4809,58
4810,64
4811,123
4812,79
4813,3
4815,3
4816,39
4817,83
4818,83
4819,76
4820,85
4821,58
4822,75
4823,68
4824,76
4825,77
4826,76
4827,3
4828,62
4829,87
4830,83
4831,123
4832,76
4833,3
4834,3
4835,83
4836,64
4837,79
4838,96
4839,77
4840,64
4841,75
4842,123
4843,76
4844,122
4845,76
4846,83
4847,110
4848,123
4849,3
4850,85
4851,58
4852,85
4853,3
4854,85
4855,58
4856,83
4857,75
4858,77
4859,76
4860,76
4861,11
4862,75
4863,3
4864,39
4865,75
4866,68
4867,76
4868,64
4869,76
4870,83
4871,76
4872,94
4873,58
4874,11
4875,76
4876,85
4877,122
4879,3
4880,75
4881,3
4882,123
4883,123
4884,59
4885,95
4886,83
4888,108
4889,77
4890,110
4891,83
4892,77
4893,24
4894,77
4895,3
4896,110
4899,3
4900,3
4901,77
4902,75
4903,83
4904,11
4905,75
4906,96
4907,3
4908,83
4909,3
4910,75
4911,3
4912,64
4913,85
4914,96
4915,58
4916,123
4917,75
4919,77
4920,123
4921,77
4922,3
4923,3
4924,123
4925,76
4927,83
4928,77
4929,3
4930,123
4931,96
4932,76
4933,43
4934,76
4935,3
4936,64
4937,3
4938,3
4939,3
4940,64
4941,76
4942,77
4943,79
4944,39
4945,2
4946,11
4947,83
4948,3
4949,43
4950,3
4951,75
4952,85
4953,64
4954,58
4955,58
4956,83
4957,79
4958,85
4960,83
4961,68
4962,3
4963,85
4964,93
4965,75
4966,3
4967,58
4968,3
4969,77
4970,85
4971,64
4972,58
4973,59
4974,76
4975,11
4977,11
4978,3
4979,58
4980,83
4982,127
4983,75
4984,3
4985,85
4986,76
4987,94
4988,96
4989,53
4990,75
4991,85
4992,79
4993,79
4994,83
4995,96
4996,75
4997,64
4998,85
4999,123
5000,96
5001,77
5002,79
5003,75
5004,85
5005,85
5007,96
5009,58
5010,58
5011,85
5012,1
5013,58
5015,127
5016,85
5017,3
5018,85
5019,58
5020,75
5021,76
5022,79
5023,58
5024,75
5025,83
5026,11
5027,11
5028,123
5029,123
5030,39
5031,60
5032,58
5033,3
5034,11
5035,75
5036,11
5037,59
5038,83
5039,11
5041,77
5042,77
5043,83
5044,79
5045,3
5046,77
5048,1
5049,75
5050,76
5051,94
5052,110
5053,83
5054,64
5055,75
5057,85
5058,85
5059,75
5060,3
5061,2
5062,11
5063,53
5064,83
5065,62
5066,94
5067,85
5068,3
5069,3
5070,83
5071,85
5072,85
5073,75
5074,3
5075,76
5076,76
5077,3
5078,96
5079,3
5080,76
5081,96
5082,79
5083,110
5084,85
5085,77
5086,108
5087,3
5088,3
5089,3
5090,64
5091,76
5092,123
5093,3
5095,40
5096,76
5097,85
5098,64
5099,85
5100,3
5101,85
5102,76
5103,3
5104,58
5105,85
5106,11
5107,96
5108,11
5109,3
5110,75
5111,96
5112,94
5113,108
5114,68
5115,75
5116,24
5118,64
5119,3
5120,3
5122,3
5123,77
5124,75
5125,83
5126,96
5128,85
5129,123
5130,95
5131,123
5132,1
5133,62
5134,96
5135,83
5136,3
5137,64
5138,3
5139,11
5140,58
5142,85
5143,3
5144,3
5145,43
5146,3
5147,85
5148,85
5149,123
5150,79
5151,43
5152,3
5153,11
5155,85
5156,76
5157,11
5158,83
5159,58
5160,11
5161,58
5162,64
5163,58
5164,1
5165,85
5166,79
5167,62
5169,76
5170,11
5171,3
5172,3
5174,85
5175,110
5176,3
5177,58
5178,58
5179,83
5180,95
5181,76
5182,83
5183,75
5184,64
5185,75
5186,114
5187,85
5188,83
5189,76
5190,11
5191,123
5192,79
5193,75
5194,75
5195,58
5196,76
5197,11
5198,75
5199,3
5200,3
5201,76
5202,83
5203,1
5204,59
5205,3
5206,59
5208,76
5209,123
5210,3
5211,75
5212,3
5213,75
5214,75
5215,11
5216,58
5217,85
5218,77
5219,11
5220,76
5221,3
5222,64
5224,83
5225,79
5226,24
5227,3
5228,115
5229,85
5230,79
5231,94
5232,75
5234,110
5235,95
5236,96
5237,3
5238,72
5239,68
5240,58
5241,3
5242,123
5243,83
5244,115
5246,75
5247,3
5248,76
5249,29
5250,3
5251,11
5252,3
5253,58
5254,64
5255,77
5256,3
5257,83
5258,76
5259,85
5260,123
5261,75
5262,75
5263,123
5264,3
5265,114
5266,58
5267,2
5268,83
5269,64
5270,3
5271,3
5272,96
5273,3
5274,85
5275,83
5276,83
5277,77
5278,110
5279,11
5280,79
5281,3
5282,11
5283,85
5285,75
5286,3
5287,3
5288,3
5289,83
5290,79
5291,52
5292,75
5293,76
5294,75
5295,99
5296,3
5297,3
5298,85
5300,85
5301,83
5302,3
5303,94
5304,85
5306,3
5307,77
5308,40
5309,85
5310,85
5311,60
5312,83
5314,95
5315,76
5316,85
5317,79
5318,77
5319,3
5320,75
5321,75
5322,110
5323,29
5324,64
5325,85
5326,64
5327,3
5328,77
5329,76
5330,83
5332,85
5333,83
5334,3
5335,1
5336,83
5337,83
5338,64
5339,75
5340,72
5341,58
5342,83
5343,85
5344,58
5345,75
5346,11
5347,40
5348,11
5349,83
5350,76
5351,83
5352,83
5353,85
5354,3
5356,3
5357,85
5358,83
5360,58
5361,79
5362,3
5364,77
5365,64
5366,77
5367,79
5368,3
5369,75
5370,3
5371,64
5372,11
5373,76
5374,3
5375,3
5376,85
5377,64
5378,3
5379,83
5380,24
5381,3
5382,75
5383,3
5384,68
5385,108
5386,96
5387,89
5388,75
5389,29
5390,85
5391,123
5392,3
5393,11
5394,123
5395,85
5396,84
5397,123
5398,39
5399,83
5400,58
5401,3
5402,3
5403,3
5404,85
5405,11
5406,53
5408,83
5409,3
5410,3
5411,79
5412,77
5413,85
5414,64
5415,76
5416,79
5417,11
5418,85
5419,115
5420,3
5421,11
5422,64
5423,62
5424,29
5425,75
5426,85
5427,68
5428,43
5429,3
5431,96
5432,58
5433,96
5434,22
5435,39
5436,85
5437,77
5438,58
5439,85
5440,123
5441,58
5442,3
5443,43
5444,83
5445,83
5446,77
5447,11
5448,76
5449,85
5450,75
5451,58
5452,39
5453,58
5454,96
5455,11
5456,75
5457,123
5458,77
5459,96
5460,77
5461,72
5462,3
5463,75
5464,75
5465,96
5466,85
5467,75
5469,83
5470,11
5471,3
5472,60
5473,93
5474,85
5475,3
5476,83
5477,85
5478,76
5479,62
5480,85
5481,83
5482,58
5483,3
5484,96
5485,85
5486,75
5487,58
5488,3
5489,58
5490,3
5491,83
5493,3
5494,83
5495,75
5497,127
5498,75
5499,3
5500,3
5501,94
5502,2
5503,123
5504,83
5505,83
5506,85
5507,64
5508,76
5509,83
5510,96
5511,3
5512,24
5513,83
5514,43
5515,75
5516,79
5518,123
5519,96
5520,83
5521,85
5522,83
5524,3
5525,85
5526,3
5527,75
5528,96
5529,11
5530,39
5531,64
5532,76
5533,3
5534,75
5535,96
5536,79
5537,64
5538,11
5539,75
5540,39
5541,3
5542,96
5543,110
5544,3
5545,76
5546,64
5547,62
5548,75
5549,3
5550,58
5551,83
5552,85
5553,64
5554,3
5555,3
5556,75
5557,96
5558,76
5559,76
5561,83
5563,3
5564,64
5565,3
5566,11
5567,11
5568,94
5569,3
5570,76
5571,123
5572,3
5573,85
5574,3
5575,83
5576,75
5577,3
5578,76
5579,39
5580,77
5581,68
5582,85
5583,123
5584,85
5585,83
5586,75
5587,3
5588,3
5589,3
5590,75
5591,58
5592,29
5593,85
5594,72
5595,3
5596,76
5597,3
5598,3
5599,3
5600,3
5601,3
5602,85
5603,123
5604,77
5606,58
5607,75
5608,11
5609,75
5610,75
5611,75
5612,3
5613,3
5614,11
5615,76
5616,96
5617,3
5618,1
5619,39
5620,58
5621,123
5622,58
5623,3
5624,77
5625,85
5626,3
5627,85
5628,96
5629,123
5630,3
5632,83
5633,58
5634,11
5635,39
5636,83
5637,11
5638,76
5639,39
5640,68
5641,85
5642,3
5643,79
5644,11
5645,3
5646,96
5647,75
5648,58
5649,85
5650,75
5651,58
5652,77
5653,83
5654,96
5655,2
5656,11
5657,79
5658,83
5659,3
5660,83
5661,3
5662,76
5663,58
5664,3
5665,96
5666,75
5667,85
5668,11
5669,75
5670,1
5671,83
5672,58
5674,76
5675,3
5676,79
5677,11
5678,24
5679,123
5680,83
5681,77
5682,79
5683,77
5684,75
5685,79
5686,85
5687,77
5689,1
5690,85
5691,85
5692,75
5693,3
5694,95
5695,3
5696,76
5697,3
5698,95
5699,92
5700,79
5701,77
5702,76
5703,40
5704,85
5705,123
5706,1
5707,83
5708,85
5709,3
5710,83
5711,24
5712,83
5713,96
5714,72
5715,83
5716,83
5717,76
5718,123
5719,123
5720,68
5721,95
5722,85
5723,110
5724,11
5725,96
5726,11
5727,3
5728,83
5729,3
5730,75
5731,85
5732,3
5734,11
5735,3
5736,53
5737,79
5738,83
5739,123
5740,64
5741,123
5742,76
5743,123
5744,85
5745,75
5746,76
5747,85
5748,72
5749,68
5750,3
5751,77
5752,76
5753,58
5754,58
5755,11
5756,85
5757,114
5758,3
5759,96
5760,83
5761,85
5763,76
5764,85
5765,108
5766,94
5767,3
5768,62
5769,3
5770,85
5771,83
5772,85
5773,58
5774,83
5775,3
5777,77
5778,58
5779,85
5780,108
5781,79
5782,3
5783,3
5784,85
5785,40
5786,58
5787,83
5788,83
5789,3
5790,64
5791,75
5792,28
5793,58
5794,3
5795,3
5796,24
5797,85
5798,83
5799,58
5800,96
5801,83
5802,85
5803,83
5804,77
5805,3
5806,85
5807,11
5808,3
5810,64
5811,123
5812,123
5813,3
5814,83
5816,58
5817,75
5818,76
5819,3
5820,96
5821,79
5822,83
5823,83
5824,83
5826,93
5827,3
5828,76
5829,3
5830,96
5831,76
5832,64
5833,123
5834,83
5835,64
5836,68
5837,75
5838,123
5839,3
5840,77
5841,85
5842,39
5843,3
5844,77
5845,83
5846,123
5847,3
5848,85
5849,77
5850,43
5851,58
5852,85
5853,76
5854,123
5855,11
5856,85
5857,76
5858,29
5859,76
5860,11
5861,76
5862,79
5863,123
5864,83
5865,75
5866,83
5867,11
5868,85
5869,3
5870,75
5871,11
5872,75
5873,96
5874,83
5875,3
5876,83
5877,76
5878,3
5879,85
5880,3
5881,3
5882,85
5883,75
5884,85
5885,64
5886,76
5887,85
5888,64
5889,40
5890,3
5891,75
5892,83
5893,83
5894,60
5895,3
5896,83
5897,3
5898,3
5899,43
5900,76
5901,3
5902,3
5903,75
5904,11
5905,110
5906,3
5907,114
5908,76
5909,79
5910,3
5911,58
5912,76
5913,123
5914,85
5916,123
5917,75
5918,58
5919,3
5920,123
5921,85
5922,3
5923,123
5924,83
5925,3
5926,83
5927,3
5928,3
5929,85
5930,3
5931,58
5932,58
5933,3
5934,93
5935,3
5936,95
5937,3
5938,75
5939,83
5940,64
5941,85
5942,3
5943,123
5944,58
5945,11
5946,11
5947,3
5948,85
5949,75
5950,3
5951,83
5953,24
5954,64
5955,3
5956,3
5957,83
5958,83
5959,58
5960,29
5961,83
5962,76
5963,79
5964,3
5965,52
5966,96
5967,58
5968,1
5969,83
5970,40
5971,123
5972,3
5973,3
5974,85
5975,83
5977,76
5978,94
5979,58
5980,11
5981,96
5982,85
5983,29
5984,58
5985,83
5986,76
5987,75
5988,62
5989,3
5990,64
5991,85
5992,3
5993,85
5994,58
5995,83
5996,3
5997,3
5998,76
5999,76
6000,77
6001,77
6002,79
6003,85
6004,34
6005,3
6006,75
6007,75
6008,76
6009,3
6010,75
6011,3
6012,85
6013,3
6014,83
6015,85
6016,39
6017,79
6018,114
6019,114
6020,75
6021,85
6022,85
6023,3
6024,85
6025,3
6026,3
6027,123
6028,76
6029,76
6030,3
6032,110
6033,58
6034,85
6035,3
6036,79
6037,40
6038,11
6039,76
6040,58
6042,76
6043,3
6044,3
6045,3
6046,3
6047,75
6048,83
6049,11
6050,11
6051,75
6052,2
6053,75
6054,3
6055,58
6056,123
6057,68
6058,83
6059,24
6060,83
6061,3
6062,3
6063,11
6064,95
6065,3
6066,76
6067,64
6068,77
6069,83
6070,123
6071,68
6072,123
6073,3
6074,76
6075,85
6076,3
6077,114
6078,58
6079,75
6080,85
6081,3
6082,3
6083,2
6084,11
6085,64
6086,75
6087,85
6088,58
6089,3
6090,76
6091,77
6092,76
6093,75
6094,85
6095,3
6096,123
6097,123
6098,3
6099,85
6100,3
6101,3
6102,64
6103,76
6104,83
6105,3
6106,3
6107,96
6108,64
6109,96
6111,40
6112,3
6113,85
6114,58
6115,83
6116,123
6117,76
6118,3
6119,123
6120,43
6121,110
6122,3
6123,75
6124,75
6125,76
6126,43
6127,3
6128,76
6130,77
6131,3
6132,76
6133,77
6134,75
6135,11
6136,85
6137,76
6138,83
6139,34
6140,96
6141,96
6142,85
6143,123
6144,127
6145,76
6146,76
6147,123
6148,3
6149,123
6150,39
6151,79
6152,3
6153,79
6154,85
6155,123
6156,3
6157,11
6158,3
6159,3
6160,11
6161,3
6162,64
6163,68
6164,76
6166,3
6167,96
6168,3
6169,58
6170,83
6171,85
6172,79
6173,59
6174,96
6175,75
6176,76
6177,75
6178,83
6179,3
6180,3
6181,3
6182,2
6183,76
6184,59
6185,79
6186,83
6187,43
6188,75
6189,96
6190,83
6191,3
6192,11
6193,58
6194,64
6195,3
6196,123
6197,83
6198,123
6199,3
6200,58
6201,1
6202,3
6203,3
6204,58
6206,2
6207,95
6208,76
6209,83
6210,3
6211,3
6212,85
6213,83
6215,85
6216,64
6217,1
6218,3
6219,123
6220,3
6221,64
6222,96
6223,79
6224,83
6226,64
6227,83
6229,3
6230,75
6232,83
6233,75
6234,77
6235,3
6236,75
6238,96
6239,3
6240,96
6241,123
6242,3
6243,85
6244,11
6245,3
6246,3
6247,79
6248,76
6249,85
6250,96
6251,83
6252,83
6254,79
6255,76
6256,3
6257,125
6258,85
6259,96
6260,64
6261,1
6262,3
6263,68
6264,77
6265,127
6266,77
6267,83
6268,75
6269,83
6270,64
6271,123
6272,77
6273,75
6274,123
6275,39
6276,75
6277,85
6278,76
6279,122
6281,58
6282,108
6283,77
6284,58
6285,110
6286,75
6289,76
6290,3
6291,58
6292,3
6293,11
6294,3
6295,64
6296,58
6297,85
6298,3
6299,11
6300,77
6301,83
6302,3
6303,85
6304,58
6305,77
6306,75
6307,123
6308,3
6309,123
6312,79
6313,79
6314,76
6315,96
6316,64
6317,79
6318,76
6319,110
6320,3
6321,83
6322,79
6323,58
6324,85
6325,77
6326,64
6327,96
6328,76
6329,83
6330,3
6331,85
6332,3
6333,64
6335,3
6336,96
6337,83
6338,58
6339,77
6340,3
6341,83
6342,75
6343,58
6344,123
6345,3
6346,3
6347,75
6348,3
6349,2
6350,58
6351,75
6352,3
6354,75
6355,3
6356,76
6357,11
6358,85
6359,11
6360,96
6361,24
6362,123
6363,96
6364,83
6366,3
6367,3
6368,79
6369,85
6370,83
6371,79
6372,3
6373,76
6375,77
6376,85
6377,77
6378,76
6379,76
6380,64
6381,11
6382,68
6384,75
6385,94
6386,3
6387,115
6388,85
6390,3
6391,85
6392,85
6393,123
6394,75
6395,85
6396,75
6399,64
6400,77
6401,76
6402,3
6403,76
6404,83
6405,58
6406,3
6407,77
6408,1
6409,3
6410,85
6411,11
6412,94
6413,3
6414,75
6415,77
6416,58
6417,123
6418,85
6419,11
6420,77
6421,85
6422,76
6423,85
6424,85
6425,76
6426,3
6427,64
6428,75
6429,11
6430,3
6431,3
6432,76
6433,58
6434,11
6435,76
6436,58
6437,85
6438,83
6439,3
6440,77
6441,83
6442,3
6443,58
6444,83
6445,3
6446,3
6447,58
6448,68
6449,3
6450,58
6451,72
6452,83
6453,3
6454,3
6455,58
6456,3
6458,83
6460,123
6461,43
6462,39
6464,58
6465,77
6466,43
6467,83
6468,58
6469,76
6470,3
6471,83
6472,1
6473,3
6474,75
6475,76
6476,76
6477,3
6478,64
6479,40
6480,29
6481,83
6483,2
6484,3
6485,3
6486,76
6487,3
6488,85
6489,75
6490,85
6491,3
6492,96
6493,75
6494,3
6495,58
6496,58
6497,83
6498,85
6499,11
6500,3
6501,76
6502,96
6503,3
6504,75
6505,72
6506,3
6507,3
6508,3
6509,85
6510,94
6511,85
6512,68
6513,85
6514,11
6515,76
6516,3
6517,3
6518,76
6519,64
6520,83
6521,125
6522,3
6523,75
6524,2
6525,83
6526,3
6527,77
6528,83
6529,3
6530,3
6531,79
6532,64
6533,96
6535,94
6536,39
6537,76
6538,95
6539,85
6540,85
6541,64
6542,83
6543,24
6544,3
6545,83
6546,64
6547,85
6548,62
6549,58
6550,85
6551,85
6553,76
6555,43
6557,11
6558,3
6559,96
6560,85
6561,77
6562,68
6563,77
6564,3
6565,83
6566,76
6567,127
6568,85
6569,3
6570,77
6571,58
6572,96
6573,68
6574,3
6575,108
6576,83
6577,123
6578,76
6579,123
6580,77
6581,83
6582,76
6583,58
6584,11
6585,3
6586,83
6587,85
6588,59
6589,62
6590,75
6591,79
6592,75
6593,83
6594,83
6595,85
6596,85
6597,43
6598,85
6599,76
6600,83
6601,68
6602,11
6603,64
6604,11
6606,83
6607,58
6608,85
6609,123
6610,3
6611,3
6612,83
6613,3
6614,85
6615,11
6616,83
6617,76
6618,76
6620,64
6621,85
6622,11
6623,11
6624,58
6625,64
6626,96
6627,123
6628,3
6629,3
6630,58
6631,93
6632,3
6633,64
6634,3
6635,96
6636,43
6637,3
6639,123
6640,85
6641,85
6642,85
6643,3
6644,79
6645,93
6647,11
6648,85
6649,3
6650,123
6651,3
6652,11
6653,68
6654,3
6656,85
6657,83
6658,3
6659,64
6660,29
6661,64
6662,123
6663,96
6664,76
6665,64
6666,96
6667,83
6668,95
6669,29
6671,77
6672,68
6673,123
6674,3
6675,58
6676,59
6677,3
6678,77
6679,76
6680,58
6681,76
6682,64
6683,79
6684,110
6685,68
6686,83
6687,83
6688,58
6689,77
6691,3
6692,76
6693,3
6694,85
6695,64
6696,3
6697,62
6699,3
6701,85
6702,77
6703,76
6704,85
6705,3
6706,85
6707,58
6708,75
6709,58
6710,96
6711,83
6712,75
6713,75
6714,77
6715,77
6716,3
6717,58
6718,85
6719,3
6720,75
6721,3
6722,58
6723,3
6724,64
6725,58
6726,3
6727,110
6728,58
6729,76
6730,94
6731,3
6732,11
6733,76
6734,76
6735,123
6736,79
6737,77
6738,62
6739,75
6740,58
6741,64
6742,85
6743,58
6744,76
6745,3
6746,11
6747,96
6748,75
6749,11
6750,3
6751,3
6752,58
6753,96
6754,77
6755,79
6756,3
6757,11
6758,110
6759,76
6760,58
6761,39
6762,58
6763,85
6764,96
6765,1
6766,76
6767,58
6768,11
6769,76
6770,1
6771,24
6772,79
6773,11
6774,123
6775,85
6776,85
6777,89
6778,123
6779,76
6780,85
6781,76
6782,83
6783,83
6784,123
6785,3
6786,108
6787,3
6788,85
6789,3
6790,58
6791,76
6792,3
6793,60
6794,64
6797,76
6798,83
6799,24
6800,64
6801,79
6802,64
6803,76
6804,83
6805,83
6806,123
6807,85
6808,3
6809,79
6811,3
6812,83
6813,76
6814,58
6815,58
6816,59
6817,123
6818,76
6819,79
6820,3
6821,39
6822,58
6823,3
6825,96
6826,64
6827,3
6828,77
6829,11
6830,83
6831,85
6832,3
6833,3
6834,83
6836,83
6837,85
6838,3
6839,96
6840,58
6841,58
6842,76
6843,58
6844,79
6845,58
6846,75
6847,76
6848,123
6849,59
6850,125
6851,76
6852,83
6853,3
6854,11
6855,76
6856,75
6857,85
6858,3
6859,34
6860,77
6861,85
6862,85
6863,123
6864,95
6865,64
6866,85
6867,83
6868,3
6869,83
6870,83
6871,58
6874,3
6875,58
6876,3
6878,39
6879,96
6880,85
6881,60
6882,75
6883,85
6884,3
6885,3
6886,3
6887,76
6889,11
6890,83
6891,75
6892,3
6893,85
6894,3
6895,76
6896,83
6897,127
6898,85
6900,85
6901,79
6902,79
6904,24
6905,77
6906,64
6907,85
6908,3
6909,75
6910,3
6911,75
6912,3
6913,58
6914,85
6915,76
6916,95
6917,3
6918,79
6919,3
6920,75
6921,3
6922,11
6923,123
6924,58
6925,85
6926,83
6927,11
6928,64
6929,76
6930,3
6931,96
6932,64
6933,77
6934,11
6935,85
6936,85
6937,85
6938,58
6939,77
6940,11
6941,79
6942,3
6943,64
6944,85
6945,76
6946,24
6947,85
6948,76
6949,85
6950,3
6951,59
6952,85
6953,43
6954,85
6955,3
6956,52
6957,96
6958,3
6959,75
6960,64
6961,3
6962,85
6963,3
6964,76
6966,110
6967,85
6968,96
6969,3
6970,85
6971,123
6972,123
6973,3
6974,85
6975,83
6976,76
6977,83
6978,83
6979,123
6980,3
6981,58
6982,21
6983,83
6984,75
6985,83
6986,76
6987,83
6988,96
6989,3
6990,87
6991,76
6992,1
6993,3
6994,127
6995,127
6996,77
6998,79
6999,11
7000,3
7001,3
7002,96
7003,85
7004,83
7005,95
7006,85
7007,83
7008,64
7009,3
7010,76
7011,76
7012,3
7013,76
7014,83
7015,85
7016,58
7017,83
7018,75
7019,3
7020,123
7021,2
7022,43
7023,85
7024,76
7025,96
7026,123
7027,39
7028,3
7029,83
7030,39
7031,123
7032,76
7033,123
7034,75
7035,3
7036,76
7037,76
7038,3
7039,85
7040,62
7041,75
7042,62
7043,3
7044,85
7045,3
7046,85
7047,77
7048,24
7049,3
7050,11
7051,83
7052,75
7053,83
7054,76
7055,123
7057,77
7058,123
7059,3
7060,83
7061,75
7062,85
7064,85
7065,96
7067,75
7068,85
7069,24
7070,76
7071,3
7072,3
7073,123
7074,58
7075,58
7076,85
7077,85
7078,83
7079,83
7081,76
7082,85
7083,85
7084,85
7085,77
7086,83
7087,24
7088,76
7089,85
7090,2
7092,68
7093,77
7094,11
7095,76
7096,87
7097,85
7099,3
7100,11
7101,75
7102,85
7103,3
7104,75
7107,96
7108,85
7109,76
7110,76
7111,83
7112,123
7113,85
7114,85
7115,11
7116,11
7117,43
7118,83
7119,75
7120,85
7121,64
7122,84
7123,76
7124,83
7125,76
7127,83
7128,76
7129,83
7130,43
7131,123
7132,83
7133,77
7134,64
7135,75
7136,85
7137,96
7138,3
7139,3
7140,87
7141,75
7142,58
7143,3
7144,83
7145,76
7146,1
7147,29
7148,3
7149,83
7150,96
7151,3
7152,11
7154,58
7155,11
7156,58
7157,85
7158,75
7160,76
7161,83
7162,108
7163,85
7164,58
7165,94
7166,75
7167,3
7168,75
7169,64
7170,3
7171,75
7172,96
7173,75
7174,76
7175,64
7176,64
7177,43
7178,85
7179,76
7180,110
7181,85
7182,1
7183,96
7184,3
7185,85
7186,75
7187,123
7188,83
7189,85
7190,95
7191,77
7192,83
7193,79
7194,3
7195,76
7196,76
7197,3
7198,95
7199,85
7200,76
7201,123
7202,58
7203,11
7204,96
7205,85
7206,75
7207,64
7208,77
7209,76
7210,85
7211,3
7213,76
7214,83
7215,83
7216,85
7217,58
7218,76
7219,3
7221,75
7223,58
7224,85
7225,58
7226,83
7227,75
7229,85
7230,85
7231,3
7232,75
7233,62
7234,58
7235,96
7236,123
7237,3
7238,79
7239,96
7241,64
7242,85
7243,75
7244,83
7245,3
7246,83
7248,58
7249,83
7250,75
7251,3
7252,11
7253,96
7255,3
7256,95
7257,85
7258,64
7259,85
7260,3
7261,3
7262,3
7263,85
7264,40
7265,83
7266,85
7267,3
7268,3
7269,43
7270,75
7271,76
7272,85
7274,123
7275,11
7276,123
7277,11
7278,85
7279,3
7280,83
7281,3
7282,3
7283,85
7284,75
7285,85
7286,76
7287,24
7288,96
7289,3
7290,3
7292,76
7293,85
7294,79
7296,3
7297,85
7298,76
7299,84
7301,64
7302,83
7303,76
7304,3
7305,3
7306,83
7307,3
7308,3
7309,75
7311,3
7312,123
7313,123
7314,58
7315,3
7316,11
7317,85
7318,75
7319,68
7320,76
7321,76
7322,96
7323,3
7324,58
7325,85
7326,59
7327,83
7328,3
7329,83
7330,83
7331,3
7332,3
7333,114
7334,75
7335,11
7336,83
7337,39
7338,75
7339,77
7340,64
7342,123
7343,3
7344,85
7345,85
7346,79
7347,11
7348,96
7349,94
7351,96
7352,75
7353,75
7354,96
7355,76
7356,123
7357,3
7358,75
7359,123
7360,43
7361,77
7362,11
7363,85
7364,76
7365,64
7366,96
7367,77
7368,76
7369,77
7370,3
7371,75
7373,96
7374,83
7375,64
7376,79
7378,79
7379,85
7380,3
7381,96
7382,85
7383,77
7384,77
7385,75
7386,11
7387,24
7388,123
7389,123
7390,77
7391,68
7392,123
7394,85
7395,58
7396,85
7397,3
7398,96
7399,83
7400,64
7401,83
7402,123
7403,3
7404,85
7405,83
7406,83
7407,85
7408,85
7409,110
7410,3
7411,64
7412,64
7413,123
7414,83
7415,85
7416,3
7417,75
7418,11
7419,75
7420,76
7421,76
7422,3
7423,3
7424,76
7425,39
7426,3
7427,83
7429,40
7430,3
7431,3
7432,11
7433,85
7434,3
7435,76
7436,3
7437,58
7438,3
7439,1
7441,76
7442,11
7443,3
7444,3
7445,3
7446,77
7447,68
7448,85
7449,75
7450,58
7451,83
7452,3
7453,123
7454,40
7455,3
7456,24
7457,79
7458,58
7459,3
7460,83
7461,94
7462,123
7463,3
7464,58
7465,3
7466,3
7467,83
7468,75
7469,68
7470,75
7471,3
7472,83
7473,11
7474,76
7475,3
7476,83
7477,83
7478,76
7479,3
7480,85
7481,3
7482,11
7483,76
7484,11
7485,76
7486,62
7487,58
7488,3
7489,76
7490,75
7491,123
7492,39
7494,76
7495,85
7496,96
7497,79
7498,3
7499,76
7500,11
7501,77
7503,75
7504,76
7506,96
7507,1
7508,3
7509,75
7511,3
7512,77
7513,3
7514,83
7515,83
7516,76
7517,79
7518,3
7519,85
7520,3
7521,110
7522,85
7523,77
7524,83
7525,79
7526,85
7527,3
7528,76
7529,3
7530,3
7531,3
7532,123
7533,3
7534,85
7535,83
7537,3
7538,76
7539,64
7540,85
7541,64
7542,3
7543,76
7544,83
7545,75
7546,123
7547,123
7548,11
7549,75
7550,11
7551,96
7553,76
7554,85
7555,3
7556,76
7557,76
7558,64
7559,85
7560,3
7561,3
7562,108
7563,75
7564,85
7565,77
7566,76
7567,58
7568,76
7569,24
7570,108
7571,85
7572,64
7574,110
7575,94
7576,85
7577,123
7578,85
7579,3
7580,79
7582,96
7583,77
7584,83
7585,79
7586,58
7587,39
7588,68
7589,77
7590,3
7591,3
7592,29
7593,123
7594,96
7595,3
7596,76
7597,76
7598,76
7599,3
7600,11
7601,11
7602,53
7603,110
7604,58
7605,85
7606,123
7607,1
7608,85
7609,83
7610,2
7611,3
7612,96
7613,127
7614,68
7616,11
7618,85
7619,77
7620,93
7621,64
7622,64
7623,3
7624,76
7625,3
7626,85
7627,83
7628,76
7629,75
7630,76
7631,64
7632,11
7633,76
7634,58
7635,85
7636,76
7637,3
7638,85
7639,77
7640,43
7641,68
7642,85
7643,76
7645,123
7646,76
7647,96
7648,75
7649,83
7650,3
7651,3
7652,87
7653,83
7654,96
7655,58
7656,77
7657,3
7658,83
7659,11
7660,76
7661,79
7662,123
7665,2
7666,3
7668,3
7669,58
7670,96
7671,123
7672,94
7673,3
7674,83
7675,68
7676,79
7677,64
7678,85
7679,1
7680,83
7681,79
7682,11
7683,75
7684,76
7685,3
7686,3
7687,3
7688,85
7689,3
7690,96
7691,95
7692,79
7693,3
7694,11
7695,58
7696,76
7697,123
7698,85
7699,43
7700,85
7701,75
7702,75
7703,3
7704,83
7705,11
7706,64
7707,3
7708,68
7709,3
7710,96
7711,85
7712,3
7713,96
7714,79
7715,76
7716,64
7717,83
7719,58
7720,83
7721,85
7722,3
7723,75
7725,3
7726,76
7727,1
7728,123
7729,3
7730,58
7731,123
7732,83
7733,43
7734,77
7735,77
7736,85
7737,3
7738,76
7739,79
7740,75
7741,79
7742,96
7743,58
7744,85
7745,76
7746,3
7747,11
7748,1
7749,3
7750,123
7751,58
7752,85
7753,3
7754,3
7755,3
7756,11
7757,127
7758,85
7759,83
7760,123
7761,11
7762,3
7763,76
7764,123
7765,76
7766,3
7767,53
7768,75
7769,64
7770,3
7771,53
7772,123
7773,127
7774,3
7775,75
7776,75
7777,85
7778,77
7780,76
7781,110
7782,85
7783,83
7784,3
7785,75
7786,85
7787,75
7788,3
7789,123
7790,3
7791,77
7792,83
7793,76
7794,43
7795,75
7796,11
7797,2
7798,76
7799,76
7800,77
7801,3
7802,3
7803,75
7804,11
7805,83
7806,75
7807,85
7808,75
7809,79
7810,11
7811,76
7812,85
7813,110
7814,83
7815,68
7816,11
7817,96
7818,85
7820,76
7821,85
7822,83
7823,123
7824,64
7825,3
7826,11
7827,11
7828,83
7830,83
7831,11
7833,76
7834,83
7835,76
7836,114
7837,85
7839,79
7840,3
7841,3
7842,1
7843,76
7844,1
7845,58
7846,76
7847,29
7848,114
7849,96
7850,85
7851,3
7852,64
7853,85
7854,11
7856,58
7857,123
7858,127
7859,79
7860,85
7861,75
7862,3
7863,1
7864,79
7865,85
7866,40
7867,76
7868,85
7869,3
7870,85
7871,96
7872,85
7873,83
7874,75
7875,34
7877,3
7878,11
7879,3
7880,75
7881,76
7882,72
7883,58
7884,123
7885,3
7886,85
7887,123
7888,84
7889,76
7890,83
7891,123
7892,53
7893,3
7894,3
7895,3
7896,3
7897,76
7898,62
7899,3
7900,96
7901,85
7903,123
7904,85
7905,123
7906,3
7907,3
7908,83
7909,3
7910,11
7911,85
7912,85
7913,83
7914,75
7915,29
7917,3
7918,3
7919,77
7920,39
7921,3
7922,85
7923,85
7924,75
7925,58
7926,3
7927,76
7928,68
7929,62
7930,58
7931,127
7932,83
7933,64
7934,3
7935,58
7936,11
7937,76
7938,127
7939,77
7942,87
7944,3
7946,76
7947,76
7948,58
7949,3
7950,83
7951,3
7952,3
7953,43
7954,3
7955,76
7956,3
7957,123
7958,76
7959,77
7960,85
7961,85
7962,79
7963,3
7964,75
7965,123
7966,83
7967,3
7968,11
7969,87
7970,83
7971,77
7973,83
7975,3
7976,76
7977,3
7978,95
7979,79
7980,76
7981,75
7982,40
7983,85
7984,11
7985,3
7986,58
7987,76
7988,79
7989,123
7990,3
7991,76
7992,76
7993,39
7994,3
7995,123
7996,11
7997,77
7998,110
7999,3
8000,3
8001,83
8002,43
8003,79
8004,83
8005,3
8006,96
8007,123
8008,58
8009,123
8010,76
8011,85
8012,11
8013,3
8014,3
8015,3
8016,75
8017,11
8018,3
8019,79
8020,75
8021,3
8022,76
8024,85
8025,76
8026,85
8027,76
8028,85
8029,96
8030,85
8031,64
8032,64
8033,85
8034,76
8035,83
8036,83
8037,75
8038,93
8039,95
8040,3
8041,75
8043,64
8044,85
8045,3
8046,3
8047,58
8048,75
8049,1
8050,3
8051,95
8052,58
8053,85
8054,3
8055,83
8056,77
8057,75
8058,85
8059,64
8060,3
8061,85
8062,123
8063,59
8064,3
8065,110
8066,85
8067,85
8068,75
8069,68
8070,58
8071,85
8072,75
8073,76
8074,3
8075,40
8076,58
8077,64
8078,3
8079,85
8080,11
8081,96
8082,3
8083,85
8084,85
8085,85
8086,85
8087,114
8088,85
8089,127
8090,58
8091,39
8093,11
8095,34
8096,85
8097,85
8098,3
8099,77
8100,83
8101,76
8102,75
8103,3
8104,123
8105,11
8107,83
8108,3
8109,76
8110,79
8111,75
8112,58
8113,76
8114,85
8115,83
8116,76
8117,75
8118,85
8119,77
8120,77
8121,75
8123,75
8124,96
8125,85
8126,64
8127,79
8128,58
8129,85
8131,110
8132,83
8133,85
8134,96
8135,58
8136,3
8137,83
8138,77
8139,11
8140,75
8141,64
8142,3
8143,3
8144,85
8145,85
8146,85
8147,3
8148,123
8149,77
8150,64
8151,83
8153,79
8154,75
8155,85
8156,3
8157,85
8159,85
8160,76
8162,75
8163,3
8164,3
8165,85
8166,76
8167,34
8168,60
8169,85
8170,75
8171,96
8172,79
8173,75
8174,3
8175,77
8176,96
8177,77
8178,79
8179,83
8181,96
8182,58
8183,11
8184,85
8185,3
8186,96
8187,85
8188,83
8189,123
8190,75
8191,64
8192,75
8193,123
8194,76
8195,85
8196,96
8197,85
8198,58
8199,3
8200,83
8201,123
8202,85
8203,58
8204,2
8205,96
8206,83
8207,76
8208,11
8209,85
8210,123
8211,96
8212,77
8213,75
8214,83
8215,3
8216,3
8217,75
8218,3
8219,123
8220,76
8221,96
8222,85
8223,76
8224,11
8225,85
8226,11
8227,3
8228,3
8229,3
8230,3
8231,75
8232,85
8233,85
8234,85
8235,64
8236,83
8237,11
8238,76
8239,75
8240,76
8241,58
8242,3
8243,75
8244,11
8245,123
8246,39
8247,58
8248,123
8249,64
8251,76
8252,83
8253,58
8254,85
8255,1
8256,58
8257,85
8258,11
8259,58
8260,3
8261,94
8262,77
8263,85
8264,3
8265,75
8266,60
8267,83
8268,79
8269,96
8270,83
8271,3
8272,77
8273,58
8274,123
8275,96
8276,85
8277,64
8278,83
8279,79
8280,83
8281,11
8282,75
8283,83
8284,3
8285,3
8286,85
8287,85
8288,3
8289,34
8290,85
8291,3
8292,123
8293,75
8294,75
8295,76
8296,77
8298,85
8299,96
8300,79
8301,2
8302,43
8303,3
8304,127
8305,85
8306,3
8307,58
8308,123
8309,85
8310,11
8311,3
8312,75
8313,77
8314,58
8315,85
8316,58
8317,76
8318,93
8319,3
8320,76
8321,3
8322,75
8323,58
8324,58
8325,22
8326,85
8327,3
8328,3
8329,123
8330,64
8331,76
8332,83
8333,96
8334,83
8335,122
8336,114
8337,3
8338,77
8339,43
8340,83
8341,75
8343,11
8344,3
8345,85
8346,75
8347,3
8348,77
8349,11
8350,76
8351,3
8352,3
8353,3
8354,114
8355,76
8356,75
8357,3
8358,64
8359,3
8360,108
8361,123
8362,77
8363,3
8364,75
8365,75
8366,75
8367,123
8368,83
8369,96
8370,29
8371,77
8372,85
8373,83
8374,58
8375,58
8376,85
8377,75
8378,29
8379,58
8380,3
8381,3
8382,58
8383,3
8384,64
8386,58
8387,58
8388,62
8389,3
8390,96
8391,77
8392,58
8393,85
8394,3
8395,3
8397,3
8398,83
8399,123
8400,11
8401,123
8402,96
8403,79
8404,123
8405,3
8406,85
8408,3
8409,85
8410,3
8411,96
8412,83
8413,3
8414,75
8415,85
8416,11
8417,64
8418,83
8419,79
8420,79
8421,64
8422,123
8423,85
8424,76
8425,95
8426,85
8427,85
8429,83
8430,11
8431,123
8432,64
8433,79
8434,79
8435,3
8436,76
8437,85
8438,3
8439,76
8440,58
8441,11
8442,96
8443,3
8444,123
8445,83
8446,85
8447,58
8448,77
8449,68
8450,3
8451,83
8452,11
8453,3
8454,3
8455,11
8456,3
8457,58
8458,11
8459,3
8460,64
8461,3
8462,85
8463,3
8464,76
8465,83
8466,3
8467,3
8468,123
8469,64
8470,83
8471,64
8472,77
8473,3
8474,85
8475,11
8476,96
8477,79
8478,3
8479,123
8480,1
8481,75
8482,59
8483,85
8484,83
8485,1
8486,64
8487,83
8488,96
8489,59
8490,85
8491,11
8492,75
8493,3
8494,96
8495,3
8496,3
8497,3
8498,28
8499,95
8500,3
8501,123
8502,95
8503,58
8504,123
8505,83
8507,3
8508,85
8509,83
8510,58
8511,3
8512,85
8513,40
8515,11
8516,114
8517,76
8518,60
8519,123
8520,11
8521,83
8522,3
8524,75
8525,76
8526,85
8527,3
8528,123
8529,85
8530,58
8531,76
8532,96
8533,123
8534,123
8536,3
8537,58
8538,3
8539,83
8540,123
8541,108
8542,3
8543,64
8544,52
8545,83
8546,85
8547,77
8548,3
8549,79
8550,75
8552,75
8553,83
8556,85
8557,3
8558,3
8559,96
8560,3
8561,83
8562,3
8563,85
8564,11
8565,62
8566,68
8567,3
8570,83
8571,3
8572,96
8573,3
8574,85
8575,1
8576,3
8577,83
8578,85
8579,76
8582,11
8583,76
8584,83
8585,58
8586,59
8587,62
8588,77
8589,84
8590,68
8591,96
8592,3
8593,58
8594,79
8595,85
8596,11
8597,123
8599,108
8600,85
8601,85
8602,123
8603,77
8604,77
8605,40
8606,3
8607,40
8608,123
8609,58
8610,3
8611,43
8612,96
8613,96
8614,76
8615,3
8616,3
8617,3
8618,64
8619,83
8620,3
8621,123
8622,83
8623,76
8624,85
8625,39
8626,39
8627,75
8628,77
8629,75
8630,76
8631,75
8632,75
8633,83
8634,77
8635,123
8636,64
8637,123
8639,77
8640,3
8641,3
8642,77
8643,123
8644,83
8645,76
8646,3
8647,123
8648,96
8649,3
8650,3
8651,83
8652,24
8653,76
8654,77
8655,11
8656,110
8657,3
8658,83
8659,77
8660,96
8661,96
8662,64
8663,75
8664,83
8665,85
8666,43
8667,77
8668,3
8669,3
8670,43
8671,77
8672,85
8673,75
8674,96
8675,64
8676,96
8677,3
8678,79
8679,76
8680,11
8681,3
8683,3
8684,83
8685,3
8686,94
8687,3
8688,83
8690,85
8691,11
8692,123
8693,58
8694,77
8695,58
8696,84
8697,94
8698,123
8699,24
8700,85
8701,83
8702,11
8703,85
8704,79
8705,58
8706,75
8707,3
8708,43
8709,85
8710,3
8711,76
8712,11
8713,52
8714,75
8715,59
8716,83
8717,85
8718,11
8719,58
8720,76
8721,85
8722,68
8723,64
8724,34
8725,75
8726,11
8727,85
8728,83
8729,83
8730,85
8732,85
8733,76
8735,75
8736,58
8737,85
8738,39
8739,3
8740,11
8741,11
8742,3
8743,76
8744,123
8745,43
8746,58
8747,123
8748,85
8749,79
8750,76
8751,3
8752,3
8753,11
8754,123
8755,58
8756,79
8757,77
8758,58
8759,75
8760,79
8761,93
8762,64
8763,79
8764,77
8765,96
8766,85
8767,3
8768,83
8771,76
8772,75
8773,11
8774,3
8775,85
8776,83
8777,3
8778,77
8779,79
8780,123
8781,123
8782,123
8783,1
8784,3
8785,58
8786,123
8787,76
8788,76
8789,3
8790,3
8791,96
8792,85
8793,76
8794,79
8795,75
8796,76
8797,85
8798,58
8799,85
8800,3
8802,58
8803,75
8804,3
8805,79
8806,11
8807,3
8808,58
8809,11
8810,58
8811,83
8812,58
8813,71
8814,85
8815,76
8817,58
8818,96
8819,3
8820,58
8821,85
8822,24
8823,83
8824,77
8825,3
8826,83
8827,79
8829,64
8830,3
8831,85
8832,58
8833,3
8834,85
8835,76
8836,96
8837,123
8838,1
8839,76
8840,114
8841,83
8842,83
8843,123
8844,83
8845,94
8847,3
8848,76
8849,3
8850,96
8851,85
8852,85
8853,85
8854,79
8855,68
8856,3
8857,40
8858,75
8859,83
8860,85
8861,3
8862,64
8863,3
8864,85
8865,83
8866,85
8868,75
8869,76
8870,64
8871,68
8872,75
8873,96
8874,85
8875,1
8876,83
8877,11
8878,123
8879,77
8880,43
8881,11
8882,83
8883,76
8884,75
8885,79
8886,123
8887,64
8888,76
8889,3
8890,83
8891,83
8892,3
8893,76
8894,85
8895,3
8896,85
8897,75
8898,110
8899,3
8900,85
8901,11
8902,96
8903,123
8904,123
8905,83
8906,3
8907,3
8908,96
8909,83
8910,11
8911,58
8913,76
8914,76
8915,3
8916,68
8917,85
8918,85
8919,58
8920,123
8921,89
8922,3
8923,58
8924,11
8925,85
8926,64
8927,96
8928,125
8929,3
8930,3
8931,3
8932,123
8933,3
8934,64
8935,83
8936,79
8937,11
8938,64
8939,43
8940,123
8941,96
8942,85
8943,76
8944,83
8945,75
8946,123
8947,58
8948,77
8949,83
8950,85
8951,11
8952,3
8953,64
8954,76
8955,75
8956,123
8957,83
8958,75
8959,3
8960,96
8961,123
8962,75
8963,3
8964,96
8965,76
8966,85
8967,123
8968,76
8969,127
8970,123
8971,96
8972,110
8973,85
8975,85
8976,83
8978,123
8979,85
8980,3
8981,75
8982,77
8983,39
8984,75
8985,64
8986,85
8987,76
8988,2
8989,96
8990,85
8991,77
8992,76
8993,123
8994,3
8995,58
8996,85
8997,3
8999,85
9000,11
9001,76
9002,83
9003,76
9004,3
9005,75
9006,85
9007,39
9008,58
9009,75
9010,79
9011,3
9012,79
9013,3
9014,24
9015,123
9017,58
9018,58
9019,40
9020,75
9021,3
9022,85
9024,77
9025,77
9026,11
9027,1
9028,85
9029,64
9030,77
9031,96
9032,3
9033,76
9034,77
9035,75
9036,3
9037,108
9039,75
9040,83
9041,1
9042,96
9043,123
9044,123
9045,83
9046,58
9047,79
9048,96
9049,77
9050,94
9051,3
9052,24
9053,96
9054,75
9055,11
9056,3
9057,85
9058,123
9059,11
9060,11
9061,3
9062,68
9064,85
9065,85
9066,76
9067,96
9068,40
9069,3
9070,3
9071,60
9073,3
9074,76
9075,58
9076,11
9077,11
9078,11
9079,96
9080,3
9081,3
9082,58
9083,94
9084,3
9085,85
9086,83
9087,11
9088,3
9089,83
9090,83
9091,79
9092,3
9093,76
9094,11
9095,3
9096,76
9097,85
9098,85
9099,79
9100,11
9101,75
9102,3
9103,64
9104,64
9105,76
9106,83
9107,123
9108,76
9109,58
9110,83
9111,3
9112,85
9113,64
9114,72
9115,83
9116,96
9117,108
9118,83
9119,79
9120,83
9121,123
9122,96
9123,83
9124,76
9125,123
9126,75
9127,3
9128,3
9129,123
9130,76
9131,3
9132,3
9133,3
9134,85
9136,3
9137,85
9138,43
9139,123
9140,76
9141,3
9142,96
9143,58
9144,79
9145,85
9146,110
9147,76
9148,1
9150,64
9151,84
9152,76
9153,58
9154,76
9155,64
9156,76
9157,76
9158,11
9159,85
9160,3
9161,123
9162,1
9163,3
9164,110
9165,123
9166,3
9167,3
9168,11
9169,108
9170,77
9171,76
9172,29
9173,75
9174,68
9175,123
9176,83
9177,85
9178,79
9179,77
9180,75
9181,58
9182,85
9183,58
9184,11
9185,123
9186,3
9187,43
9188,3
9189,3
9190,3
9192,76
9194,58
9195,95
9196,3
9198,83
9199,40
9200,64
9201,76
9202,68
9203,58
9204,11
9205,59
9206,3
9207,58
9208,3
9209,3
9210,96
9211,58
9212,123
9213,114
9214,85
9215,64
9216,85
9219,43
9220,3
9221,58
9222,3
9223,58
9224,85
9225,79
9226,85
9227,3
9228,96
9229,85
9230,76
9231,58
9232,83
9233,76
9234,40
9235,39
9236,83
9237,1
9238,3
9239,76
9240,123
9241,3
9242,123
9243,64
9244,127
9246,3
9247,96
9249,85
9250,11
9251,85
9252,3
9253,75
9254,83
9255,85
9256,3
9257,3
9258,3
9259,3
9260,64
9261,76
9263,76
9264,75
9265,85
9266,83
9267,64
9268,83
9269,76
9270,11
9271,3
9272,85
9273,3
9274,95
9275,62
9276,3
9277,3
9278,85
9279,95
9280,76
9281,83
9282,58
9283,76
9284,85
9285,3
9286,76
9287,85
9288,3
9289,58
9290,85
9291,58
9292,3
9293,76
9294,76
9295,94
9296,77
9297,83
9298,3
9299,123
9300,58
9301,3
9302,79
9303,3
9304,123
9306,85
9307,11
9308,68
9309,108
9310,76
9311,64
9312,3
9313,3
9314,83
9315,3
9316,85
9317,77
9318,76
9319,11
9321,123
9322,64
9323,83
9324,53
9325,3
9326,11
9327,123
9328,110
9329,3
9330,11
9331,75
9332,3
9333,123
9334,3
9335,11
9336,76
9337,85
9338,76
9339,11
9340,64
9341,85
9342,75
9343,85
9344,85
9345,29
9346,3
9347,83
9348,11
9349,123
9350,60
9351,75
9352,83
9353,83
9354,3
9355,79
9356,75
9357,85
9358,85
9359,3
9360,127
9361,123
9362,76
9363,123
9364,77
9365,29
9366,75
9367,3
9368,3
9369,3
9370,3
9371,123
9373,3
9374,85
9375,58
9376,64
9377,58
9378,79
9379,85
9380,83
9381,3
9382,83
9383,3
9384,108
9385,85
9387,76
9388,85
9389,58
9390,123
9391,94
9392,64
9394,39
9395,83
9396,64
9398,83
9399,79
9400,75
9401,3
9402,3
9403,58
9404,64
9405,75
9406,1
9407,123
9408,75
9409,64
9410,3
9411,83
9412,85
9413,40
9414,96
9415,58
9416,43
9417,43
9418,123
9419,77
9420,114
9421,3
9422,3
9423,3
9424,75
9425,75
9426,1
9427,77
9428,58
9429,62
9430,3
9431,43
9432,76
9434,64
9435,39
9436,68
9437,96
9438,64
9439,3
9440,96
9441,11
9443,79
9444,123
9445,68
9447,85
9448,3
9449,76
9450,83
9451,64
9452,79
9453,83
9454,40
9455,11
9456,85
9457,3
9458,79
9459,95
9460,85
9461,76
9462,11
9463,127
9464,85
9467,11
9468,96
9469,96
9470,39
9471,95
9472,76
9473,11
9474,58
9477,110
9478,83
9479,58
9480,3
9481,3
9482,3
9483,85
9484,77
9485,2
9486,64
9487,58
9488,3
9489,58
9490,110
9491,58
9492,76
9493,85
9494,77
9495,3
9496,3
9497,3
9498,59
9499,3
9500,58
9501,3
9502,58
9503,83
9504,64
9505,3
9506,3
9507,85
9508,76
9509,58
9510,96
9511,77
9512,85
9513,3
9514,85
9515,85
9516,75
9517,77
9518,83
9519,85
9520,11
9521,40
9522,85
9523,96
9524,76
9525,123
9526,68
9527,76
9528,83
9529,11
9530,3
9531,43
9532,77
9533,11
9534,1
9535,68
9536,83
9537,62
9538,76
9539,83
9540,75
9541,79
9542,64
9543,95
9544,3
9545,58
9546,83
9547,83
9548,58
9549,77
9550,3
9551,64
9552,85
9553,85
9554,85
9555,85
9556,24
9558,83
9559,85
9560,75
9561,75
9562,3
9564,85
9565,68
9566,3
9567,85
9568,58
9569,77
9570,3
9571,83
9572,3
9573,123
9574,83
9575,64
9576,1
9577,123
9578,75
9580,76
9581,95
9582,110
9583,3
9584,85
9585,58
9586,58
9587,83
9588,64
9589,11
9590,58
9591,11
9592,64
9593,77
9594,79
9595,75
9596,123
9597,123
9598,96
9599,77
9600,3
9601,123
9602,58
9603,83
9604,3
9605,83
9606,3
9607,76
9608,76
9609,77
9610,64
9611,85
9612,83
9613,76
9614,3
9615,75
9616,58
9617,83
9618,96
9619,58
9620,76
9621,3
9622,58
9624,83
9625,64
9626,77
9627,79
9628,58
9629,64
9630,75
9631,3
9632,83
9633,43
9634,123
9635,11
9636,58
9638,79
9639,85
9640,3
9641,1
9642,77
9643,76
9645,123
9646,85
9647,123
9648,123
9649,75
9650,85
9651,75
9652,85
9653,108
9654,75
9655,76
9656,76
9657,11
9658,75
9659,79
9660,43
9661,3
9662,83
9663,3
9664,3
9665,85
9666,3
9667,76
9668,11
9669,2
9671,127
9672,96
9673,76
9674,85
9676,96
9677,3
9678,64
9679,76
9680,11
9681,108
9682,11
9683,3
9684,64
9685,85
9686,96
9687,11
9688,3
9689,75
9690,83
9691,83
9692,96
9694,11
9695,75
9696,123
9697,28
9698,77
9699,96
9700,3
9701,85
9702,77
9703,3
9704,76
9705,75
9706,75
9707,96
9708,85
9709,76
9710,3
9711,76
9712,123
9713,3
9714,3
9715,58
9716,85
9717,83
9718,85
9719,3
9720,3
9721,96
9722,75
9723,85
9724,3
9725,3
9726,85
9727,3
9728,64
9729,83
9730,75
9731,64
9732,22
9733,34
9734,79
9735,83
9736,83
9737,3
9738,3
9739,3
9740,76
9741,85
9742,3
9743,3
9744,3
9745,94
9746,3
9747,123
9748,123
9749,3
9750,11
9751,3
9752,85
9753,79
9754,3
9755,64
9756,11
9757,83
9758,123
9759,85
9760,3
9761,3
9762,76
9763,95
9764,79
9765,75
9766,76
9767,11
9770,85
9771,83
9772,2
9773,3
9774,85
9775,85
9776,11
9777,3
9778,43
9779,3
9780,77
9781,40
9782,96
9783,40
9784,85
9785,83
9786,76
9787,83
9788,89
9789,96
9790,43
9791,3
9792,85
9793,58
9794,52
9797,3
9798,39
9799,85
9800,58
9801,29
9802,123
9803,76
9804,76
9805,114
9806,11
9807,3
9808,96
9809,83
9810,3
9811,96
9812,3
9813,76
9814,64
9815,76
9816,95
9817,75
9818,75
9819,3
9820,85
9822,11
9823,58
9824,95
9825,29
9826,75
9827,11
9828,85
9829,11
9830,110
9831,108
9832,75
9833,123
9834,64
9835,96
9836,75
9837,76
9838,77
9839,75
9840,3
9841,59
9842,11
9843,76
9844,83
9845,11
9847,11
9848,76
9849,123
9850,59
9851,64
9852,83
9853,83
9854,83
9855,75
9856,3
9857,43
9858,79
9859,3
9860,3
9861,85
9862,3
9863,64
9864,85
9865,64
9866,43
9867,96
9868,85
9869,85
9870,75
9871,3
9872,3
9873,58
9874,85
9875,76
9876,85
9877,3
9878,24
9879,39
9880,64
9881,123
9882,64
9883,85
9884,94
9885,11
9886,76
9887,75
9888,83
9889,83
9890,96
9891,79
9892,79
9893,76
9894,77
9895,3
9896,76
9897,85
9898,11
9899,62
9900,3
9901,29
9902,77
9903,96
9904,11
9905,64
9906,3
9907,11
9908,58
9909,123
9910,123
9911,96
9912,76
9913,3
9914,58
9915,83
9916,96
9917,123
9919,3
9920,3
9921,77
9922,85
9923,11
9924,85
9925,108
9926,75
9927,58
9928,85
9929,64
9931,3
9932,58
9933,79
9934,11
9935,75
9936,76
9937,75
9939,83
9940,3
9941,79
9942,83
9943,72
9944,85
9945,114
9946,76
9947,76
9948,96
9949,75
9950,3
9951,75
9952,76
9953,3
9954,83
9955,85
9956,3
9957,58
9958,83
9960,58
9961,75
9962,58
9963,75
9964,76
9965,3
9966,3
9967,3
9968,79
9969,114
9971,3
9972,75
9973,123
9974,83
9975,77
9976,85
9977,76
9978,77
9979,3
9980,85
9982,85
9983,58
9984,64
9985,110
9986,3
9987,3
9989,11
9990,75
9991,3
9992,3
9993,125
9994,83
9995,76
9996,76
9997,94
9998,64
9999,96
10000,64
10001,3
10002,83
10003,64
10004,123
10005,76
10006,85
10007,3
10008,3
10009,3
10010,75
10011,3
10012,58
10013,123
10014,85
10015,11
10016,28
10017,85
10018,3
10019,58
10020,96
10021,58
10022,83
10023,83
10024,11
10025,75
10026,76
10027,76
10028,3
10029,58
10030,11
10031,58
10034,1
10035,123
10036,85
10037,3
10038,3
10039,83
10040,83
10041,79
10042,127
10043,28
10044,3
10045,2
10046,75
10047,85
10048,76
10049,3
10050,77
10051,75
10052,85
10054,96
10055,59
10056,58
10057,75
10058,76
10059,3
10060,3
10061,123
10062,85
10063,79
10064,58
10065,76
10066,123
10067,108
10068,83
10069,29
10070,75
10071,3
10073,75
10074,64
10075,85
10077,40
10078,123
10079,96
10080,3
10081,76
10082,83
10083,96
10084,96
10085,75
10086,96
10087,3
10088,76
10089,123
10090,123
10091,75
10092,64
10093,3
10094,77
10095,3
10096,64
10097,83
10098,11
10099,64
10100,72
10101,75
10102,77
10103,77
10104,85
10105,123
10106,79
10107,85
10108,58
10109,85
10110,79
10111,3
10112,39
10113,83
10114,11
10115,85
10116,3
10117,77
10118,3
10119,3
10120,3
10121,77
10122,96
10123,3
10124,58
10125,76
10126,3
10127,3
10128,58
10129,76
10130,3
10131,108
10132,64
10133,3
10134,85
10135,3
10136,76
10137,3
10138,85
10140,75
10141,21
10142,85
10143,75
10144,76
10145,96
10146,3
10147,3
10148,3
10149,76
10151,43
10152,3
10153,83
10154,3
10155,1
10156,3
10158,94
10159,96
10160,96
10161,77
10162,76
10163,75
10164,83
10165,83
10166,123
10168,75
10169,123
10170,11
10171,85
10172,64
10173,64
10174,83
10175,58
10176,83
10177,76
10178,58
10179,3
10180,83
10181,68
10183,83
10184,76
10185,3
10186,76
10187,11
10188,123
10189,76
10190,11
10191,3
10192,83
10193,85
10194,43
10196,76
10197,3
10198,96
10200,123
10201,75
10202,123
10204,64
10205,3
10206,75
10208,83
10209,40
10210,85
10211,68
10212,85
10213,11
10214,76
10215,83
10216,85
10217,40
10218,85
10219,75
10220,76
10221,3
10222,3
10223,76
10224,76
10225,43
10226,83
10227,43
10228,85
10229,75
10230,83
10231,58
10233,3
10234,123
10235,110
10236,83
10237,3
10238,83
10239,85
10240,123
10241,3
10242,11
10243,123
10244,76
10245,96
10246,3
10247,76
10248,83
10250,83
10251,77
10252,75
10254,76
10255,3
10256,76
10257,77
10258,3
10259,85
10260,96
10261,62
10262,43
10263,3
10264,83
10265,85
10266,85
10267,96
10268,123
10269,3
10271,64
10272,83
10273,96
10274,79
10275,11
10276,77
10277,3
10278,76
10279,3
10280,11
10281,58
10282,96
10283,77
10284,3
10285,83
10286,123
10287,76
10288,76
10289,83
10290,85
10291,3
10292,62
10293,76
10294,75
10295,3
10296,83
10297,40
10298,123
10299,3
10300,85
10301,76
10302,58
10303,83
10304,64
10305,85
10306,3
10307,3
10308,75
10309,52
10310,85
10311,123
10312,11
10313,3
10314,83
10315,64
10316,123
10317,3
10318,85
10319,83
10320,3
10321,83
10322,85
10323,96
10324,58
10325,77
10326,3
10327,11
10328,11
10329,28
10330,110
10331,3
10332,29
10333,58
10334,96
10335,64
10336,83
10337,1
10338,1
10339,3
10340,96
10341,3
10342,85
10343,11
10344,3
10345,75
10346,76
10347,39
10348,76
10349,11
10350,75
10351,85
10353,123
10354,77
10355,83
10356,1
10357,64
10358,76
10359,43
10360,64
10361,85
10362,75
10363,123
10364,3
10365,75
10366,64
10368,76
10369,96
10370,85
10371,11
10372,123
10373,85
10374,3
10375,75
10376,3
10377,83
10378,76
10379,83
10380,3
10381,85
10382,123
10383,75
10385,83
10386,3
10387,85
10388,110
10389,123
10390,3
10391,75
10392,110
10393,11
10394,3
10395,94
10396,110
10397,11
10398,75
10399,76
10400,85
10401,123
10402,110
10403,11
10404,58
10405,3
10406,75
10407,83
10408,94
10409,85
10411,11
10412,83
10413,114
10414,83
10415,75
10416,85
10417,79
10418,85
10419,62
10420,123
10422,83
10423,76
10424,76
10425,96
10426,58
10427,3
10428,93
10429,83
10431,77
10432,76
10433,3
10434,3
10435,96
10436,85
10437,64
10438,76
10439,110
10440,83
10441,11
10442,62
10443,123
10444,64
10445,3
10446,83
10447,64
10448,3
10449,3
10450,3
10451,58
10452,64
10453,11
10454,85
10455,3
10456,127
10457,3
10458,3
10459,68
10460,3
10461,76
10462,3
10463,76
10464,3
10465,79
10466,11
10467,3
10468,85
10469,76
10470,123
10471,85
10473,85
10474,85
10475,76
10476,108
10477,83
10478,95
10480,11
10481,3
10482,3
10483,11
10484,58
10485,3
10486,68
10487,3
10488,123
10489,76
10490,58
10491,64
10492,76
10493,3
10494,96
10495,76
10496,85
10497,3
10498,77
10499,83
10500,79
10501,83
10502,64
10503,123
10504,76
10505,62
10506,75
10508,85
10509,64
10510,3
10511,3
10512,58
10514,76
10515,64
10516,3
10517,85
10518,76
10519,75
10520,3
10521,3
10522,75
10523,85
10524,64
10525,85
10526,83
10527,76
10528,83
10529,85
10530,24
10531,83
10532,96
10533,84
10536,85
10537,96
10538,11
10539,83
10540,79
10541,123
10542,123
10543,75
10544,11
10545,75
10546,58
10547,96
10548,79
10550,123
10551,85
10552,85
10553,83
10554,83
10555,76
10557,75
10558,11
10559,83
10560,39
10561,76
10562,83
10563,123
10564,76
10565,83
10566,75
10567,3
10568,85
10569,3
10570,1
10571,3
10572,76
10573,40
10574,79
10575,3
10576,83
10577,123
10578,85
10579,85
10580,3
10581,85
10582,83
10583,77
10585,75
10586,85
10587,85
10588,76
10589,83
10590,75
10591,58
10592,3
10593,3
10594,94
10595,3
10596,3
10597,1
10598,85
10599,3
10600,77
10601,72
10602,3
10603,58
10604,58
10606,64
10607,3
10608,85
10609,58
10610,43
10612,123
10613,83
10614,29
10615,85
10616,93
10617,85
10618,68
10619,75
10620,3
10621,1
10622,85
10623,110
10624,96
10625,3
10626,77
10628,58
10629,11
10630,96
10631,2
10632,123
10633,75
10634,11
10635,3
10636,110
10638,39
10639,77
10640,75
10641,79
10642,85
10643,3
10645,96
10646,3
10647,62
10648,85
10649,76
10650,11
10651,77
10652,87
10653,83
10654,77
10655,123
10656,3
10657,1
10658,123
10659,3
10660,85
10661,3
10662,3
10663,11
10664,64
10665,77
10666,85
10667,108
10668,3
10669,64
10670,75
10671,83
10672,29
10673,58
10674,76
10675,85
10676,76
10677,123
10679,79
10680,79
10681,96
10682,75
10683,77
10684,123
10685,64
10686,1
10688,77
10689,3
10690,114
10691,76
10692,76
10693,24
10694,83
10695,3
10696,76
10697,3
10698,75
10699,114
10700,83
10701,76
10702,76
10703,58
10704,83
10705,85
10706,85
10707,123
10708,59
10709,75
10710,64
10711,76
10712,11
10713,3
10714,2
10715,76
10716,83
10717,123
10718,96
10719,3
10720,3
10721,83
10722,75
10723,11
10724,75
10725,58
10726,123
10727,76
10728,64
10729,58
10730,76
10731,95
10732,11
10733,3
10734,123
10735,3
10736,11
10737,43
10738,123
10739,85
10740,29
10741,85
10742,76
10743,110
10744,3
10745,3
10746,3
10747,64
10748,76
10749,3
10750,58
10751,43
10752,68
10753,11
10754,3
10756,85
10757,3
10758,3
10759,11
10760,75
10761,85
10762,123
10763,83
10764,3
10765,75
10766,58
10767,3
10768,58
10769,3
10770,83
10771,114
10772,58
10773,75
10774,123
10775,77
10776,83
10777,75
10778,64
10779,96
10780,83
10781,77
10782,2
10783,75
10784,77
10785,64
10786,83
10787,77
10788,77
10789,76
10790,11
10791,85
10792,39
10793,39
10794,76
10795,83
10796,58
10797,3
10798,1
10799,75
10800,58
10801,3
10802,77
10803,75
10804,83
10805,3
10806,3
10807,76
10808,43
10809,64
10810,39
10811,58
10813,64
10814,3
10815,76
10816,75
10818,85
10819,75
10820,77
10821,11
10822,3
10823,96
10824,64
10825,68
10826,76
10827,58
10828,75
10829,11
10830,11
10831,3
10832,85
10833,83
10834,85
10835,83
10836,75
10837,11
10838,77
10839,3
10840,3
10841,11
10842,94
10843,76
10844,75
10845,76
10846,11
10847,83
10848,64
10849,3
10850,75
10851,85
10852,75
10853,76
10854,3
10855,11
10856,58
10857,94
10858,3
10859,85
10860,58
10861,11
10862,76
10863,79
10864,123
10865,62
10866,89
10867,3
10868,11
10869,64
10870,75
10871,123
10872,58
10873,123
10874,43
10875,76
10877,58
10878,58
10879,75
10880,94
10881,123
10882,11
10883,85
10884,93
10885,76
10886,94
10887,62
10888,76
10889,29
10890,11
10891,123
10892,3
10893,75
10894,3
10895,83
10896,3
10897,83
10898,3
10899,11
10900,96
10901,11
10902,3
10903,85
10904,123
10905,75
10906,3
10907,76
10908,58
10909,79
10910,79
10911,83
10912,3
10913,75
10914,76
10915,3
10916,83
10917,83
10918,96
10919,64
10920,3
10921,64
10922,77
10923,76
10924,75
10925,85
10926,85
10927,85
10928,94
10929,58
10930,85
10931,85
10933,83
10934,58
10935,96
10936,83
10937,75
10938,3
10939,79
10940,64
10941,3
10942,96
10943,3
10944,83
10945,3
10946,11
10947,58
10948,64
10949,83
10950,11
10951,83
10952,3
10953,85
10954,77
10955,75
10956,77
10957,76
10958,3
10959,1
10960,75
10962,85
10963,79
10964,58
10965,3
10966,3
10967,85
10968,79
10970,3
10971,96
10972,76
10973,83
10975,76
10976,3
10977,3
10978,76
10979,11
10980,3
10981,76
10982,3
10983,76
10984,40
10985,76
10986,11
10987,58
10988,83
10989,3
10990,83
10991,76
10992,93
10993,85
10994,11
10995,76
10996,11
10997,58
10998,58
10999,58
11000,114
11001,76
11002,3
11003,83
11004,64
11005,3
11006,24
11007,79
11009,76
11010,75
11011,93
11012,123
11013,85
11014,3
11015,76
11016,1
11017,3
11018,3
11019,64
11020,85
11021,87
11022,83
11023,75
11024,77
11025,114
11026,75
11027,75
11028,58
11029,96
11030,58
11032,3
11033,3
11034,76
11035,3
11036,3
11037,29
11038,3
11039,3
11040,85
11041,3
11042,79
11043,75
11044,85
11045,83
11046,68
11047,76
11048,85
11049,58
11050,75
11051,3
11052,96
11053,75
11054,40
11055,123
11056,96
11057,96
11058,3
11059,62
11060,75
11061,3
11062,11
11063,76
11064,76
11065,76
11066,76
11067,3
11068,11
11069,75
11070,123
11071,75
11072,76
11073,3
11074,123
11075,3
11076,3
11077,96
11078,75
11079,76
11080,79
11082,96
11083,83
11084,3
11085,83
11086,11
11087,3
11088,3
11089,77
11090,64
11091,3
11092,123
11093,59
11094,75
11095,123
11096,123
11097,123
11098,3
11099,2
11100,3
11101,75
11102,29
11103,3
11104,11
11105,3
11106,3
11107,95
11108,85
11109,83
11111,75
11112,76
11113,85
11114,3
11115,3
11116,3
11117,96
11118,85
11119,3
11120,76
11121,123
11122,83
11123,96
11124,29
11125,75
11126,58
11127,123
11128,3
11129,64
11130,58
11131,83
11132,76
11133,75
11135,76
11136,123
11137,110
11138,83
11139,3
11140,3
11141,83
11142,11
11143,83
11144,75
11146,95
11147,79
11148,83
11149,123
11150,11
11151,2
11152,11
11153,110
11154,75
11155,123
11156,64
11157,75
11158,96
11159,59
11160,79
11161,58
11162,77
11163,85
11164,75
11166,76
11167,85
11168,3
11169,62
11170,58
11171,11
11172,11
11173,58
11174,96
11175,96
11176,123
11177,75
11178,11
11180,75
11181,85
11182,76
11183,83
11184,76
11185,11
11186,3
11187,43
11188,85
11189,77
11191,3
11192,75
11193,3
11194,3
11195,83
11196,3
11197,76
11199,3
11200,83
11201,77
11202,59
11203,75
11204,11
11206,58
11207,68
11208,3
11209,85
11210,3
11211,3
11212,3
11213,58
11214,85
11215,79
11216,77
11217,75
11218,77
11219,76
11220,58
11221,62
11222,96
11223,3
11224,123
11225,3
11226,58
11227,85
11228,29
11229,3
11230,76
11231,24
11232,83
11233,76
11234,85
11235,123
11236,123
11237,64
11238,75
11239,3
11240,85
11241,75
11242,3
11243,123
11244,83
11245,85
11246,58
11247,85
11248,123
11249,83
11250,76
11251,83
11252,64
11253,43
11254,77
11255,3
11256,3
11257,1
11258,85
11259,64
11260,83
11261,85
11262,77
11263,85
11264,3
11265,58
11266,58
11267,59
11268,3
11269,43
11270,3
11271,77
11272,3
11273,58
11274,3
11275,83
11278,76
11279,58
11280,123
11281,11
11282,64
11283,3
11284,75
11285,3
11286,75
11287,24
11289,83
11290,58
11291,85
11292,123
11293,3
11294,83
11295,75
11296,11
11297,83
11298,3
11299,85
11300,123
11301,3
11302,3
11303,83
11304,79
11305,3
11306,96
11307,11
11308,3
11309,123
11310,83
11311,85
11312,85
11313,3
11314,28
11315,29
11316,58
11317,77
11318,83
11319,77
11320,123
11321,3
11322,77
11323,83
11324,58
11325,58
11326,76
11327,83
11328,3
11329,85
11330,76
11331,83
11332,85
11333,3
11334,76
11335,114
11336,85
11337,123
11338,3
11339,77
11340,75
11341,64
11342,76
11343,94
11344,76
11346,72
11347,29
11348,83
11349,83
11350,3
11351,3
11352,85
11353,59
11354,96
11355,68
11356,11
11357,3
11358,53
11359,83
11360,3
11361,83
11362,11
11363,64
11364,39
11365,3
11366,85
11367,96
11368,3
11369,76
11370,75
11371,3
11372,83
11373,64
11374,3
11375,83
11376,64
11377,77
11378,83
11379,79
11380,43
11381,76
11382,3
11383,76
11384,3
11385,76
11386,93
11387,127
11388,75
11389,3
11390,123
11391,123
11392,76
11393,123
11394,3
11395,85
11396,62
11397,58
11398,76
11399,76
11400,95
11401,77
11402,123
11403,3
11404,85
11405,85
11406,85
11407,94
11408,77
11409,11
11411,3
11412,83
11413,3
11414,11
11415,75
11416,85
11417,79
11418,110
11419,11
11420,1
11421,3
11422,63
11423,64
11424,58
11425,64
11426,123
11427,96
11428,75
11429,43
11430,3
11431,3
11432,3
11434,76
11435,75
11436,40
11437,123
11438,1
11439,75
11440,58
11441,64
11442,83
11443,83
11444,83
11445,40
11446,3
11447,110
11448,43
11449,79
11450,85
11451,108
11452,68
11453,123
11454,85
11455,3
11456,123
11457,58
11458,3
11459,85
11460,85
11461,76
11462,62
11463,3
11464,39
11465,29
11466,79
11467,3
11468,75
11469,75
11470,1
11471,96
11472,77
11473,77
11474,64
11475,83
11476,3
11477,77
11478,3
11479,3
11480,96
11481,85
11482,11
11483,123
11484,64
11485,114
11486,3
11487,76
11488,123
11489,85
11490,11
11491,39
11492,85
11493,85
11495,2
11496,58
11497,3
11498,43
11499,1
11500,64
11501,83
11502,3
11503,79
11504,75
11505,3
11506,96
11507,96
11508,3
11509,79
11510,75
11511,75
11512,39
11513,3
11514,3
11515,96
11516,29
11518,64
11519,29
11520,85
11521,76
11522,83
11523,85
11524,83
11525,76
11526,64
11527,75
11528,85
11529,3
11530,11
11531,108
11532,85
11533,83
11534,96
11535,11
11536,85
11537,123
11538,3
11539,83
11540,3
11541,83
11542,3
11543,75
11544,40
11545,72
11546,96
11547,3
11548,77
11549,64
11552,123
11553,85
11555,76
11556,3
11557,76
11558,3
11559,43
11560,110
11561,3
11562,3
11563,85
11564,75
11565,3
11566,115
11567,3
11568,76
11569,3
11570,77
11571,76
11572,83
11573,77
11574,114
11575,3
11576,58
11577,11
11578,58
11579,11
11580,123
11581,58
11582,77
11583,85
11584,3
11586,76
11587,3
11588,85
11589,79
11590,76
11591,3
11592,76
11593,76
11594,85
11595,77
11596,77
11597,64
11598,3
11599,76
11600,108
11601,76
11602,3
11604,75
11605,58
11606,85
11607,76
11608,96
11609,76
11610,75
11611,3
11612,96
11613,75
11614,123
11615,3
11616,79
11617,3
11618,64
11619,83
11620,75
11621,64
11622,58
11623,83
11625,79
11626,58
11627,123
11628,85
11629,3
11630,79
11631,3
11632,58
11636,64
11637,83
11638,83
11639,3
11640,3
11641,83
11642,3
11644,11
11645,64
11646,96
11647,29
11648,76
11649,77
11650,76
11651,3
11652,3
11653,83
11654,83
11655,83
11656,96
11657,85
11658,3
11659,75
11660,58
11661,3
11662,83
11663,76
11664,85
11665,3
11666,85
11667,75
11668,83
11669,83
11670,3
11671,43
11672,39
11673,77
11674,94
11675,85
11676,96
11677,123
11678,83
11679,3
11680,77
11681,79
11682,3
11683,85
11684,83
11686,85
11687,3
11688,3
11689,95
11691,58
11692,3
11693,85
11694,77
11695,76
11696,123
11697,85
11698,85
11699,83
11702,79
11703,3
11704,77
11705,3
11706,29
11707,64
11708,59
11709,94
11710,3
11711,3
11712,76
11713,83
11715,3
11716,76
11717,83
11718,85
11719,123
11720,79
11721,76
11722,3
11723,64
11724,83
11725,11
11726,3
11727,96
11728,3
11729,3
11730,64
11731,85
11732,29
11733,3
11734,75
11735,39
11736,123
11737,96
11738,85
11739,85
11740,58
11741,85
11742,64
11743,85
11744,58
11745,83
11746,79
11747,3
11748,11
11749,11
11750,83
11751,123
11752,83
11753,79
11754,110
11755,75
11756,76
11757,85
11758,76
11759,76
11760,83
11761,75
11762,62
11763,79
11764,11
11765,85
11766,3
11767,85
11768,3
11769,77
11770,3
11772,127
11773,123
11774,77
11775,123
11776,3
11777,76
11778,3
11779,77
11781,3
11782,76
11783,85
11784,85
11785,11
11786,75
11787,64
11788,3
11789,123
11790,94
11791,123
11792,39
11793,83
11794,83
11795,64
11796,85
11797,29
11798,76
11800,85
11801,96
11802,76
11803,85
11804,85
11805,3
11806,58
11807,3
11808,96
11809,3
11810,123
11811,40
11812,76
11813,75
11814,64
11815,85
11816,75
11817,85
11818,58
11819,83
11820,123
11821,3
11822,76
11823,11
11824,83
11825,11
11826,79
11827,3
11828,11
11829,39
11830,76
11831,96
11832,75
11833,96
11834,64
11835,3
11836,29
11837,85
11838,58
11839,75
11840,83
11841,85
11842,83
11843,64
11844,68
11845,96
11846,76
11847,3
11848,3
11849,77
11850,123
11851,123
11852,123
11853,76
11854,85
11855,64
11856,11
11857,94
11858,40
11859,79
11860,123
11861,79
11862,75
11863,3
11864,123
11865,3
11866,79
11867,76
11868,3
11869,75
11870,11
11871,68
11872,123
11873,58
11874,58
11876,39
11878,58
11879,83
11880,75
11881,122
11882,77
11883,76
11884,85
11885,85
11886,83
11887,11
11888,93
11889,58
11890,43
11891,43
11892,79
11893,58
11894,83
11895,76
11896,3
11897,85
11899,3
11900,3
11901,123
11902,11
11903,85
11904,3
11905,11
11906,3
11907,76
11908,115
11909,85
11910,3
11911,24
11912,76
11913,64
11914,85
11915,85
11916,96
11918,96
11919,76
11920,83
11921,2
11923,85
11925,64
11926,58
11927,11
11928,75
11929,64
11930,3
11931,11
11932,123
11933,3
11934,3
11935,3
11936,3
11937,85
11938,3
11939,123
11940,24
11941,11
11942,75
11943,3
11944,3
11945,11
11946,3
11947,83
11949,85
11951,3
11952,64
11953,83
11954,3
11955,1
11956,3
11957,11
11958,64
11959,85
11960,3
11961,3
11962,75
11963,3
11964,64
11965,123
11966,3
11967,108
11968,83
11969,2
11970,3
11971,76
11972,85
11973,77
11974,75
11975,123
11976,75
11977,75
11978,108
11979,3
11980,2
11981,3
11982,3
11983,3
11984,85
11985,85
11986,11
11987,64
11988,76
11989,123
11990,79
11991,123
11992,11
11993,96
11994,96
11995,85
11996,11
11997,76
11998,39
12000,85
12001,85
12002,85
12003,68
12004,85
12005,77
12006,83
12007,85
12008,3
12009,76
12010,75
12011,83
12013,110
12014,3
12015,123
12016,96
12017,85
12018,83
12020,77
12021,85
12022,3
12024,79
12025,76
12026,64
12027,3
12029,64
12030,75
12031,85
12032,58
12033,96
12034,85
12035,11
12036,77
12037,123
12038,3
12039,85
12040,3
12041,110
12042,75
12043,3
12044,58
12045,76
12046,85
12047,76
12048,24
12049,58
12050,64
12051,3
12052,123
12054,64
12055,77
12056,76
12057,3
12058,85
12059,77
12060,79
12061,43
12062,77
12063,11
12064,3
12065,93
12066,96
12068,93
12069,11
12070,79
12071,72
12072,76
12073,58
12074,24
12075,58
12076,58
12077,11
12078,108
12079,83
12080,127
12081,11
12082,77
12083,3
12084,75
12085,3
12086,79
12087,123
12088,11
12089,96
12090,85
12091,123
12092,76
12093,40
12094,123
12095,85
12096,76
12097,3
12098,123
12099,64
12100,94
12101,3
12102,85
12103,85
12105,29
12106,96
12107,83
12108,3
12109,64
12110,76
12111,75
12112,83
12113,58
12114,3
12116,85
12117,83
12118,75
12119,76
12120,3
12121,75
12122,85
12123,123
12124,83
12125,83
12126,64
12127,58
12128,2
12129,96
12130,3
12131,3
12132,79
12133,3
12134,85
12135,76
12136,58
12137,75
12138,76
12139,79
12140,96
12141,58
12142,75
12143,76
12144,3
12145,64
12146,3
12147,11
12148,83
12149,53
12150,85
12151,75
12152,77
12153,11
12154,83
12155,77
12156,76
12157,3
12158,3
12160,76
12161,3
12162,94
12163,79
12164,3
12165,64
12166,123
12167,85
12168,79
12169,58
12170,3
12171,75
12172,79
12173,85
12174,96
12175,77
12176,58
12177,3
12178,76
12179,75
12180,3
12181,58
12182,83
12183,3
12184,123
12185,79
12186,79
12188,58
12189,76
12190,75
12191,3
12192,85
12193,3
12194,3
12195,76
12196,85
12197,3
12198,11
12199,3
12200,58
12201,83
12203,3
12204,79
12205,77
12206,76
12207,83
12208,3
12209,3
12210,3
12211,85
12212,96
12213,76
12214,123
12215,76
12216,58
12217,83
12218,76
12219,85
12220,85
12221,3
12222,58
12223,77
12224,3
12225,3
12226,83
12227,83
12229,83
12230,3
12231,40
12232,3
12233,68
12234,76
12235,43
12236,77
12237,85
12238,43
12239,11
12241,83
12242,76
12243,64
12244,75
12245,76
12246,58
12247,85
12248,64
12249,96
12250,3
12251,3
12252,96
12253,75
12254,58
12255,123
12256,76
12257,3
12258,3
12259,1
12260,60
12261,64
12262,59
12263,96
12264,85
12265,11
12266,85
12267,76
12268,96
12269,64
12270,11
12272,83
12273,96
12274,3
12275,83
12276,3
12277,76
12278,123
12279,83
12280,83
12282,83
12283,3
12284,11
12285,75
12286,11
12287,85
12288,76
12289,3
12290,85
12291,3
12292,123
12293,76
12294,1
12295,3
12296,3
12297,64
12298,3
12299,77
12300,123
12301,85
12302,58
12303,11
12304,3
12305,85
12306,96
12307,77
12308,3
12309,85
12310,85
12311,122
12312,85
12313,3
12314,76
12315,75
12316,96
12317,77
12318,58
12319,95
12320,75
12321,75
12322,76
12323,96
12324,75
12326,58
12327,11
12328,123
12329,83
12330,96
12331,83
12332,85
12333,11
12334,75
12335,68
12336,64
12337,76
12339,24
12340,85
12342,83
12343,76
12344,96
12345,76
12346,3
12347,96
12348,11
12349,64
12350,85
12351,96
12352,3
12353,83
12354,75
12355,83
12356,76
12357,3
12358,3
12359,11
12360,79
12361,3
12362,11
12363,3
12365,83
12366,83
12367,3
12369,3
12370,76
12371,85
12372,3
12373,76
12374,115
12375,2
12376,3
12377,40
12378,75
12379,43
12380,77
12381,83
12382,83
12383,11
12384,77
12386,83
12387,64
12388,77
12389,77
12390,85
12391,29
12392,77
12393,77
12394,85
12395,76
12396,96
12397,76
12398,3
12399,60
12400,75
12401,11
12402,58
12403,75
12404,85
12405,3
12406,58
12407,3
12408,40
12409,103
12410,85
12412,123
12413,83
12414,83
12416,77
12418,3
12419,64
12420,77
12421,85
12422,75
12423,123
12424,3
12425,3
12426,3
12427,3
12428,76
12430,58
12431,83
12432,39
12433,11
12434,75
12435,93
12436,123
12437,3
12438,3
12440,77
12442,83
12443,96
12444,76
12445,85
12446,123
12447,76
12448,3
12450,85
12451,39
12452,95
12453,11
12454,64
12455,43
12456,83
12457,108
12458,58
12459,3
12460,1
12461,85
12462,76
12463,83
12464,3
12465,79
12466,62
12467,64
12468,76
12469,85
12470,75
12471,123
12472,123
12473,3
12474,76
12475,1
12476,3
12477,3
12479,3
12480,39
12481,123
12482,83
12483,3
12484,85
12485,11
12486,75
12488,3
12489,85
12490,85
12491,85
12492,93
12493,85
12494,95
12495,3
12496,39
12497,76
12498,94
12499,83
12500,75
12501,123
12502,75
12503,3
12504,34
12505,3
12506,85
12507,76
12508,85
12509,76
12510,3
12511,3
12512,123
12513,11
12515,108
12516,75
12517,123
12518,123
12519,58
12520,3
12521,75
12522,77
12523,83
12524,83
12525,3
12526,76
12527,58
12528,83
12529,39
12530,94
12531,127
12532,39
12533,39
12534,85
12535,3
12536,59
12537,29
12538,58
12539,75
12540,85
12541,85
12542,11
12543,123
12544,85
12545,85
12546,3
12547,123
12548,85
12549,3
12550,3
12551,76
12552,76
12553,11
12554,3
12555,59
12556,3
12557,123
12558,75
12559,96
12560,96
12561,123
12562,79
12563,85
12564,76
12565,3
12566,76
12567,85
12568,3
12569,123
12570,85
12571,85
12572,3
12573,123
12574,83
12575,123
12576,3
12577,96
12578,83
12579,3
12580,76
12581,83
12582,58
12583,83
12584,77
12585,11
12586,83
12587,68
12588,75
12589,83
12590,64
12591,3
12592,85
12593,58
12594,75
12595,123
12596,3
12597,83
12598,76
12599,77
12600,85
12601,85
12602,76
12603,95
12604,76
12605,58
12606,123
12607,3
12608,123
12609,89
12610,85
12611,11
12612,3
12613,3
12614,96
12615,62
12616,77
12617,83
12618,3
12619,93
12621,95
12622,123
12623,77
12624,76
12625,3
12627,11
12628,3
12629,3
12630,108
12631,83
12632,77
12633,77
12634,85
12635,93
12636,11
12637,58
12638,85
12639,79
12640,75
12641,75
12642,75
12643,3
12645,75
12646,79
12647,64
12648,3
12649,83
12650,77
12651,11
12652,75
12653,3
12654,76
12655,85
12656,83
12657,85
12658,3
12659,85
12660,85
12661,85
12662,96
12663,3
12664,77
12665,85
12666,76
12667,76
12668,3
12669,123
12670,95
12671,11
12672,83
12673,123
12674,96
12675,75
12676,3
12677,3
12678,75
12679,3
12680,11
12681,3
12682,83
12683,3
12684,85
12685,85
12686,75
12687,85
12688,58
12689,62
12690,64
12691,96
12692,75
12693,83
12694,96
12695,64
12696,96
12697,76
12698,75
12699,85
12700,83
12701,43
12702,76
12703,75
12704,76
12705,83
12706,58
12707,83
12708,3
12709,3
12710,75
12711,3
12712,3
12713,3
12714,77
12715,123
12716,77
12717,2
12718,58
12719,58
12720,83
12721,11
12722,79
12723,83
12724,3
12725,40
12726,83
12727,64
12728,64
12729,3
12730,123
12731,59
12732,85
12733,79
12734,85
12735,85
12736,110
12737,77
12738,76
12739,3
12740,3
12741,77
12742,3
12743,75
12744,11
12745,115
12746,64
12747,83
12748,85
12749,123
12750,108
12751,77
12752,76
12753,83
12754,43
12755,76
12756,76
12757,77
12758,3
12759,83
12760,79
12761,96
12762,76
12763,77
12764,43
12765,64
12766,114
12767,76
12768,123
12769,114
12770,85
12771,3
12772,77
12773,85
12774,123
12775,75
12776,123
12777,34
12778,3
12779,75
12780,1
12781,76
12782,11
12783,123
12784,76
12785,75
12787,85
12788,64
12789,79
12790,108
12791,59
12792,83
12793,123
12794,85
12795,83
12796,2
12797,85
12798,3
12799,3
12800,75
